"id","client_id","hs_company_id","company_owner_id"
4,1,10178901569,"238285323"
5,2,29902366566,
10,2,,
11,2,29916407066,
12,2,,
13,2,,
14,1,10178977202,"238285323"
15,1,10178973829,"238285323"
16,1,10178920211,"238285323"
17,1,10178600557,"238285323"
18,1,10178915663,"238285323"
19,1,10178995206,"238285323"
20,1,10178617932,"238285323"
21,1,10178568624,"238285323"
22,1,10178987060,"238285323"
23,1,10179006260,"238285323"
24,3,10178955051,"238285323"
25,3,10178934417,"238285323"
26,4,20227963996,"410741428"
27,5,10179001661,"238285323"
28,5,10178568625,"238285323"
29,2,,
30,6,10179020592,"410741428"
31,6,10179020593,"410741428"
32,6,10178987063,"410741428"
33,6,10178955055,"410741428"
34,7,10178969916,"238285323"
35,5,10178600570,"238285323"
36,5,10178948157,"238285323"
37,5,10178617935,"238285323"
38,5,10178969915,"238285323"
39,5,10178973845,"238285323"
40,5,10178901565,"238285323"
41,5,10178939270,"238285323"
42,5,10179001665,"238285323"
43,5,10178920217,"238285323"
44,5,10178955057,"238285323"
45,5,10178969922,"238285323"
46,5,10178989388,"238285323"
47,8,10178920213,"512816524"
48,9,10178920221,"512816524"
49,9,10178929680,"512816524"
50,10,29638635318,
51,11,10178600560,"238285323"
52,11,10178969913,"238285323"
53,11,10178989394,"238285323"
54,11,10178983531,"238285323"
55,11,10178973833,"238285323"
56,11,10178943803,"238285323"
57,12,15230452585,"238285323"
58,13,10178995211,"410741428"
59,14,10178987062,"238285323"
60,7,10178939272,"238285323"
61,7,10178924871,"238285323"
62,7,10178904994,"238285323"
63,7,10178934418,"238285323"
64,7,27252642839,"238285323"
65,7,10178568626,"238285323"
66,7,10178617940,"238285323"
67,7,10178613351,"238285323"
68,7,10178973830,"238285323"
69,7,10178600558,"238285323"
70,7,10178920214,"238285323"
71,7,10178943806,"238285323"
72,7,10179004088,"238285184"
73,7,10178983533,"238285323"
74,7,10178915660,"238285323"
75,7,10178999393,"238285323"
76,7,10179020595,"238285323"
77,7,10178955054,"238285323"
78,7,10178987061,"238285323"
79,7,10178977285,"238285323"
80,15,10179006262,"80289909"
81,16,10178987067,"410741428"
82,16,10178977208,"410741428"
83,16,10178920228,"410741428"
84,17,10179020594,"542619254"
85,18,10179004085,"512816524"
86,19,10178987071,"542619005"
87,19,10178844555,"542619005"
88,20,10178844550,"238285928"
89,21,10179004166,"238285323"
90,22,10178939269,"542619254"
91,23,10178983541,"512816524"
92,24,10178969918,"238285323"
93,24,10178600564,"238285323"
94,24,10178617937,"238285323"
95,25,10178617936,
96,25,10178969912,
97,20,10178948156,"238285928"
98,14,10178973832,"238285323"
99,14,10178934421,"238285323"
100,14,10178929675,"238285323"
101,14,10178934423,"238285323"
102,14,10178983538,"238285323"
103,26,10178948161,"238285323"
104,27,10178924864,"238289434"
105,27,10179020597,"238289434"
106,14,10179004163,"238285323"
107,14,10178617933,"238285323"
108,14,10178894374,"238285323"
109,14,10178973840,"238285323"
110,14,10178973839,"238285323"
111,28,10178915658,"238285323"
112,28,10178929678,"238285323"
113,29,10178966171,"512816524"
114,30,10178934426,"410741428"
115,31,10178973843,"78617315"
116,32,10178613349,"238285323"
117,33,10178955050,"238285323"
118,33,10179020602,"238285323"
119,33,10178929676,"238285323"
120,33,10178934425,"238285323"
121,33,10178915661,"238285323"
122,24,10178844551,"238285323"
123,21,10178999390,"238285323"
124,21,10178568630,"238285323"
125,21,10178600572,"238285323"
126,21,10178613353,"238285323"
127,33,10178977209,"238285323"
128,33,10178617943,"238285323"
129,33,10178977281,"238285323"
130,33,10178969914,"238285323"
131,33,10178617944,"238285323"
132,33,10178920219,"238285323"
133,33,10178995210,"238285323"
134,33,10179001663,"238285323"
135,33,10178617945,"238285323"
136,33,10178915659,"238285323"
137,33,10178894378,"238285323"
138,33,10178939275,"238285323"
139,33,10178904995,"238285323"
140,33,10178983543,"238285323"
141,33,10178983536,"238285323"
142,33,10179020596,"238285323"
143,34,10178948153,"80289909"
144,35,10178973831,"542619254"
145,36,10178987070,"542619005"
146,29,10178613352,"512816524"
147,37,10178948159,"238285928"
148,37,10178617934,"238285928"
149,2,,
150,12,23202194691,"238285323"
151,12,29630924048,
152,12,14915500872,"238285323"
153,12,14915496612,"238285323"
154,12,14915415209,"238285323"
155,12,14915411201,"238285323"
156,12,23199954359,"238285323"
157,12,23080309612,"238285323"
158,12,14915449995,"238285323"
159,12,14915437091,"238285323"
160,12,14915437196,"238285323"
161,12,14915476637,"238285323"
162,12,14915398200,"238285323"
163,12,14915458692,"238285323"
164,12,14985583532,"410741428"
165,12,14915467276,"238285323"
166,12,14915384638,"238285323"
167,12,23207662512,"238285323"
168,12,14915392895,"238285323"
169,12,14915384616,"238285323"
170,12,14915411122,"238285323"
171,12,14915476665,"238285323"
172,12,14915458648,"238285323"
173,12,23186246517,"238285323"
174,12,23208253221,"238285323"
175,12,14915384487,"238285323"
176,12,14915373631,"238285323"
177,12,23206038431,"238285323"
178,12,23202194690,"238285323"
179,12,23200304288,"238285323"
180,12,23208068381,"238285323"
181,12,14915402621,"238285323"
182,12,14915462961,"238285323"
183,12,23208253220,"238285323"
184,12,23206534053,"238285323"
185,12,23208234112,"238285323"
186,12,18430276257,"1537675450"
187,12,23208240528,"238285323"
188,12,23208259943,"238285323"
189,32,10178924867,"238285323"
190,32,10178999388,"238285323"
191,32,10179001669,"238285323"
192,32,10178568631,"238285323"
193,32,10178617942,"238285323"
194,38,10178973837,
195,39,10178948154,"78617315"
196,40,10178600568,"410741428"
197,41,10178943809,"512816524"
198,42,10178929684,"80289909"
199,37,10178955053,"238285928"
200,37,10178989395,"238285928"
201,37,10178920227,"238285928"
202,43,10178894377,"542619254"
203,44,10178987069,"542619254"
204,44,10178977284,"542619254"
205,44,10178973834,"542619254"
206,44,10178934427,"542619254"
207,44,10178948160,"542619254"
208,44,10178973836,"542619254"
209,45,10178844556,"542619005"
210,46,14915467279,"410741428"
211,47,10178977280,"512816524"
212,48,10179006266,
213,49,10179006267,"542619254"
214,50,10178920215,"238285928"
215,50,10178943807,"238285928"
216,50,10178600569,"238285928"
217,47,10178999394,"512816524"
218,47,10178939276,"512816524"
219,47,10178987064,"512816524"
220,51,10179004164,"512816524"
221,52,20995691185,"410741428"
222,53,10178617946,"512816524"
223,53,10178995218,"512816524"
224,53,10179001664,"512816524"
225,54,10178943810,
226,53,10178613355,"512816524"
227,55,10178904997,"238285928"
228,56,10179004161,"512816524"
229,57,10178999395,"238285323"
230,57,10179001670,"238285323"
231,58,10178995209,"80289909"
232,59,10178613357,"512816524"
233,59,10178966170,"512816524"
234,59,10179001668,"512816524"
235,59,10178934422,"512816524"
236,59,10178904998,"512816524"
237,59,10179001667,"512816524"
238,60,10178969923,"542619254"
239,61,10178987065,"542619005"
240,62,10178969924,"238285928"
241,63,10178943804,
242,63,10178983542,
243,63,10178901573,
244,64,10178924870,"410741428"
245,64,10179020601,"410741428"
246,65,10178924868,"512816524"
247,65,10178894373,"512816524"
248,65,10178901575,"512816524"
249,65,10178600563,"512816524"
250,65,10178920225,"512816524"
251,65,10178987066,"512816524"
252,65,10178969919,"512816524"
253,65,10178983535,"512816524"
254,65,10178929683,"512816524"
255,65,10178943805,"512816524"
256,65,10179004160,"512816524"
257,66,10178617939,"78617315"
258,67,10178969920,"80289909"
259,26,10178924866,"238285323"
260,26,10178920220,"238285323"
261,26,10178929685,"238285323"
262,7,10220180240,"238285323"
263,68,10178920222,"542619254"
264,69,10178955049,"542619005"
265,70,10220367658,"410741428"
266,70,10220351363,"410741428"
267,71,10179020600,"238285928"
268,29,11674906721,"512816524"
269,65,10329240433,"512816524"
270,72,10178613348,"234179475"
271,73,10415848762,"78617263"
272,32,10178999387,
273,32,10178901576,
274,2,,
275,74,10594614627,"78617315"
276,75,10593572163,"542619254"
277,76,10178939271,"80289909"
278,77,10593572459,"542619254"
279,78,10687030029,"234179475"
280,78,10687030041,"234179475"
281,79,10517967656,"542619005"
282,80,11564102734,"542619254"
283,81,14974229520,"78617263"
284,81,10389215061,"78617263"
285,7,11674906371,"238285323"
286,83,10595213433,"542619005"
287,84,10686310066,"410741428"
288,84,10687336479,"410741428"
289,84,10687336503,"410741428"
290,84,10686310151,"410741428"
291,84,10686310161,"410741428"
292,85,11456705196,"78617315"
293,31,10178901570,"78617315"
294,86,12076623191,"80289909"
295,86,12076623254,"80289909"
296,86,12076621318,"80289909"
297,52,10178934424,"410741428"
298,87,12027418255,"78617315"
299,87,12027418440,"78617315"
300,18,14915484306,"512816524"
301,88,20461824942,
302,89,13594678595,"542619005"
303,90,14794768281,"238285928"
304,91,14793791799,"78617263"
305,91,14793792289,"78617263"
306,91,14793792325,"78617263"
307,92,14794072388,"542619254"
308,93,,
309,94,10389137778,"238285323"
310,95,,
311,75,14940679243,"542619254"
312,96,,
313,97,14915384454,"78617315"
314,98,14915458656,"238289434"
315,99,14915505923,"410741428"
316,100,10178613350,"80289909"
317,101,15066008971,
318,102,,
319,102,,
320,103,14915500957,"410741428"
321,104,14915388331,"512816524"
322,104,15195543645,"512816524"
323,104,14915437197,"512816524"
324,105,10178995213,"238289434"
325,106,14915496549,"238285323"
326,106,14915384494,"238285323"
327,106,14915449938,"238285323"
328,106,14915449944,"238285323"
329,106,14915500880,"238285323"
330,106,14915432619,"238285323"
331,106,14915472292,"238285323"
332,106,14915428207,"238285323"
333,106,14915484282,"238285323"
334,106,14915488182,"238285323"
335,106,14915384437,"238285323"
336,106,15194031905,"238285323"
337,106,35042135727,"238285323"
338,107,15346425400,"238285928"
339,108,15324625534,
340,109,17567469478,
341,110,14915415384,"410741428"
342,111,14915476775,"542619254"
343,112,14915496561,"238285184"
344,113,14915449958,"410741428"
345,114,14915513885,"512816524"
346,115,,
347,99,14915384627,"410741428"
348,99,10178989393,"410741428"
349,68,14915406942,"542619254"
350,68,14915496558,"542619254"
351,116,14915496559,"512816524"
352,116,14915462975,"512816524"
353,116,14915373593,"512816524"
354,117,14915445678,"512816524"
355,117,14915505938,"512816524"
356,117,14915398261,"512816524"
357,118,14915476801,"78617315"
358,119,15664679210,"542619254"
359,75,15666500677,"542619254"
360,75,15666668897,"542619254"
361,119,15609464935,"410741428"
362,72,10389215339,"234179475"
363,72,,
364,72,10389215139,"234179475"
365,72,10389215391,"234179475"
366,72,10389371989,"234179475"
367,72,10389215314,"234179475"
368,72,10389371964,"234179475"
369,72,10389371976,"234179475"
370,72,10389215159,"234179475"
371,72,21912313935,"234179475"
372,120,14915454097,"410741428"
373,122,10178983540,"512816524"
374,123,15760685622,"410741428"
375,121,14915472445,"512816524"
376,2,,
377,73,10597423754,
378,124,15466769462,"542619254"
379,125,16677385851,"80289909"
380,125,16677399726,"80289909"
381,125,16677166517,"80289909"
382,125,16676400784,"80289909"
383,116,15992146737,"512816524"
384,116,15992183166,"512816524"
385,126,14915388472,"512816524"
386,127,14915450035,"410741428"
387,128,14915500881,"410741428"
388,128,14915388332,"410741428"
389,129,15233346114,"542619254"
390,8,14915500821,"512816524"
391,2,,
392,8,14915402585,"512816524"
393,8,14915492421,"512816524"
394,8,14915398067,"512816524"
395,8,14915388287,"512816524"
396,8,14915437062,"512816524"
397,8,14915445589,"512816524"
398,8,14915388299,"512816524"
399,8,14915484292,"512816524"
400,8,,
401,131,14915476613,"512816524"
402,130,15580253881,"542619005"
403,132,14915402650,"542619254"
404,134,14915411237,"410741428"
405,135,16017586967,
406,135,19543918223,
407,136,14915384485,"80289909"
408,133,23080311366,"238285928"
409,133,30367625242,"238285928"
410,137,14915472410,
411,138,14915467150,
412,139,16820754084,"410741428"
413,140,14915476792,"78617315"
414,141,15580108926,"80289909"
415,142,15580116832,"410741428"
416,129,15340202027,"542619254"
417,143,14915373463,"512816524"
418,144,14915432524,"542619254"
419,145,15580105005,"542619005"
420,146,23090039710,"238285928"
421,146,28642844321,"238285928"
422,147,14915476604,
423,148,16340718093,"78617315"
424,149,14915476647,"80289909"
425,150,14915437109,"410741428"
426,151,16677156771,"512816524"
427,151,16066359559,"512816524"
428,2,,
429,152,15580220283,"542619254"
430,153,16036687033,"410741428"
431,154,15842052493,"512816524"
432,155,15580229986,"542619254"
433,157,15580229967,"410741428"
434,72,21911973645,"234179475"
435,72,16085956493,"234179475"
436,158,16676445834,
437,159,14915377748,"542619005"
438,160,21961633853,"2030543713"
439,161,14915454126,"410741428"
440,162,16065569421,"238285928"
441,144,,
442,165,14915423920,
443,166,15580178301,"78617315"
444,167,15580089982,"410741428"
445,168,16192692137,
446,168,16182547812,"542619005"
447,170,15580129833,"542619254"
448,170,15580178323,"542619254"
449,170,15580171373,"542619254"
450,154,16320095769,"512816524"
451,154,16320096087,"512816524"
452,154,16320385118,"512816524"
453,154,16320386099,"512816524"
454,154,16320385710,"512816524"
455,154,16320385576,"512816524"
456,154,16320386853,"512816524"
457,162,16576479099,"238285928"
458,171,16193353911,"542619005"
459,154,16320386441,"512816524"
460,172,16080842912,"238285928"
461,154,16320400542,"512816524"
462,164,18440978965,"512816524"
463,164,18440806179,"512816524"
464,164,18440775952,"512816524"
465,164,18441057118,"512816524"
466,164,18440864065,"512816524"
467,164,18440961856,"512816524"
468,164,18440879652,"512816524"
469,164,27710673017,"512816524"
470,173,15844180379,"512816524"
471,174,14915476651,
472,171,16080846980,"542619005"
473,171,16080864637,"542619005"
474,83,14915454115,"542619005"
475,175,14915454135,"78617315"
476,176,16259391869,"542619254"
477,176,23106336627,"542619254"
478,177,14915467264,"410741428"
479,178,23105480468,"410741428"
480,167,16294816100,"410741428"
481,179,15980394321,"80289909"
482,175,16379204474,"78617315"
483,180,15842318690,"410741428"
484,181,16193100205,"512816524"
485,181,16320854436,"512816524"
486,181,16320790829,"512816524"
487,178,14915402652,"410741428"
488,182,15842199722,"512816524"
489,182,16327829507,"512816524"
490,182,16327808819,"512816524"
491,182,16327809377,"512816524"
492,182,16327829597,"512816524"
493,182,16327809568,"512816524"
494,183,19330288682,"512816524"
495,183,16263126964,"512816524"
496,183,16263136941,"512816524"
497,183,16263127162,"512816524"
498,184,16343380876,"410741428"
499,183,16263127224,"512816524"
500,183,16263136799,"512816524"
501,185,14915449910,"410741426"
502,185,14915450039,"410741426"
503,185,14915428218,"410741426"
504,156,16095947440,"542619254"
505,156,16096030534,"542619254"
506,186,16270163601,"542619254"
507,188,14915419659,"410741428"
508,189,14915424043,"238285928"
509,189,14915505952,"238285928"
510,189,14915467280,"238285928"
511,180,16326699082,"410741428"
512,180,16327416247,"410741428"
513,190,15580108937,
514,180,16327514936,"410741428"
515,191,15580113275,"410741428"
516,180,16325911195,"410741428"
517,192,15580116831,"410741428"
518,189,16341388079,"238285928"
519,187,16677163789,"78617315"
520,187,16677119499,"78617315"
521,187,16677184552,"78617315"
522,187,16676426854,"78617315"
523,187,16677192739,"78617315"
524,187,16677119413,"78617315"
525,187,35045316635,"542619005"
526,187,16677388064,"78617315"
527,193,15580234888,"78617315"
528,194,15580158129,"80289909"
529,194,15580201319,"80289909"
530,194,15580216102,"80289909"
531,194,15580129835,"80289909"
532,194,15576158589,"80289909"
533,194,15580162482,"80289909"
534,194,15580167258,"80289909"
535,156,16096030613,"542619254"
536,156,16096141331,"542619254"
537,196,16329731894,"238285323"
538,196,16677119387,"238285323"
539,196,16329724697,"238285323"
540,196,16329736471,"238285323"
541,196,16329764159,"238285323"
542,197,14915492616,"410741428"
543,196,16329686137,"238285323"
544,196,16677140774,"238285323"
545,198,14915500869,"542619254"
546,196,16329782697,"238285323"
547,196,16329380506,"238285323"
548,196,16329369885,"238285323"
549,196,16329753462,"238285323"
550,196,16329731898,"238285323"
551,199,15580124588,"410741428"
552,200,14915513917,"542619254"
553,178,23106530606,"410741428"
554,201,16320642845,"542619005"
555,202,16080936633,"410741428"
556,204,14915472411,"542619254"
557,203,14915445626,"410741428"
558,207,15580124594,"410741428"
559,208,16080904105,"410741428"
560,151,16398961702,"512816524"
561,209,23106531099,"238285323"
562,209,29341006724,"238285323"
563,209,23106531220,"238285323"
564,209,28800661344,"238285323"
565,209,16677382182,"238285323"
566,209,20828711765,
567,209,29338865730,"238285323"
568,209,29338866185,"238285323"
569,210,14915384576,"512816524"
570,205,16057221810,"512816524"
571,205,16272235293,"512816524"
572,211,14915415167,"238285928"
573,110,14915428268,"410741428"
574,212,16320401177,
575,205,16299989056,"512816524"
576,180,16325951672,"410741428"
577,51,16496464237,"512816524"
578,180,16327808916,"410741428"
579,213,14915402655,"410741428"
580,196,15580201312,"238285323"
581,196,16677175875,"238285323"
582,214,16321758751,"78617315"
583,215,11698828609,"410741428"
584,216,15918203154,"410741428"
585,217,16396793609,"80289909"
586,218,15844243262,"542619254"
587,219,15580186941,"542619005"
588,220,15580182450,
589,221,23106744474,"410741428"
590,221,23106744726,"410741428"
591,222,15580186955,"238285928"
592,222,16626884954,"238285928"
593,169,16280144709,"80289909"
594,223,14915500856,"238285928"
595,35,14915505830,"542619254"
596,35,16670544956,"542619254"
597,35,16670544993,"542619254"
598,224,16397559328,
599,224,16330380805,
600,225,14937334695,"512816524"
601,225,15041742392,"512816524"
602,39,14915428257,"78617315"
603,226,15580201309,"512816524"
604,226,15580158220,"512816524"
605,227,16667617057,"512816524"
606,228,16677130365,"410741428"
607,229,16677119627,"410741428"
608,230,15580245172,"410741428"
609,231,14915402614,"78617315"
610,232,16677163830,"80289909"
611,233,16677156946,"238285928"
612,51,14915500833,"512816524"
613,234,16677388215,"542619005"
614,235,14915467179,"238285928"
615,236,16677143423,
616,237,15580221765,"78617315"
617,226,15785260956,"512816524"
618,226,15580210718,"512816524"
619,226,15580236147,"512816524"
620,226,15580101236,"512816524"
621,226,15580129827,"512816524"
622,238,16677383714,"80289909"
623,239,16677141023,"542619254"
624,240,16677158701,"410741428"
625,241,16677163790,"542619254"
626,242,16677127838,"410741428"
627,243,16677408263,"542619005"
628,244,20227897986,
629,245,16677443937,"238285928"
630,116,16806872973,"512816524"
631,246,15580245261,"410741428"
632,247,16677133091,
633,248,16677408257,"542619254"
634,249,16677182045,"78617315"
635,250,16677192733,
636,251,16838405000,"1419796087"
637,252,22485958254,"410741428"
638,253,16677190168,
639,254,16797228063,"80289909"
640,255,16677195351,"542619254"
641,256,22011857795,
642,258,16792777589,"542619005"
643,259,16677127960,"238285928"
644,260,16677429902,
645,184,,
646,261,14915454270,"78617315"
647,262,14915406764,
648,263,14915496713,"80289909"
649,264,23106764072,"410741428"
650,265,16677388096,"78617315"
651,267,16677161478,"542619005"
652,268,16677138610,"512816524"
653,269,16819386243,
654,270,16677158836,"238285928"
655,2,,
656,271,20828838471,
657,272,16677386079,
658,273,21045207956,
659,274,14915445653,"78617315"
660,2,,
661,275,15458739201,"1733731858"
662,276,14915406959,"80289909"
663,277,16924486064,"542619254"
664,278,16677388041,"238289434"
665,280,16677119536,"238285928"
666,279,16677138696,"542619005"
667,281,16948442040,
668,282,16677119383,"410741428"
669,281,16948587077,
670,283,16676445842,"78617315"
671,284,16677175909,"410741428"
672,285,16677116564,"80289909"
673,286,16677181984,"410741428"
674,287,18682907522,"410741428"
675,288,16922584201,"542619254"
676,290,14915472480,"238285928"
677,289,16677383460,"542619005"
678,291,14915437171,"80289909"
679,290,14915472480,"238285928"
680,292,16944547752,
681,293,16677379616,"78617315"
682,294,16258441635,"410741428"
683,51,14915423909,"512816524"
684,51,14915458618,"512816524"
685,51,14915492401,"512816524"
686,295,14915406956,"410741428"
687,296,14915415335,
688,298,16677388290,"80289909"
689,300,14915480474,"542619005"
690,301,15580066189,
691,302,16489175834,
692,296,16997662737,
693,299,17801801639,"542619005"
694,299,16677133087,"542619005"
695,299,16677379693,"542619005"
696,299,16677127938,"542619005"
697,299,16677153553,"542619005"
698,304,14915428384,"542619254"
699,305,,
700,299,16676445980,"542619005"
701,299,16677138721,"542619005"
702,299,30112682547,"542619005"
703,299,35139306109,"542619005"
704,299,35132522091,"542619005"
705,299,35138687390,"542619005"
706,299,17789872954,"542619005"
707,306,16677182244,"78617315"
708,297,14915373628,"542619254"
709,303,14915432560,"410741428"
710,307,14915450017,"512816524"
711,2,,
712,308,15580108935,"80289909"
713,309,14915411235,"410741428"
714,37,18741953131,"238285928"
715,311,14915472454,"410741428"
716,312,16677146266,"542619254"
717,299,16677429806,"542619005"
718,299,17165492083,"542619005"
719,313,16677184426,"542619005"
720,314,17011018658,"238285928"
721,315,18429228185,"485941481"
722,315,18430310419,"485941481"
723,316,14915449929,"78617263"
724,315,18429269789,"485941481"
725,315,18430330025,"485941481"
726,317,18683775347,
727,318,15726828399,"410741428"
728,318,16080920236,"410741428"
729,319,16677158824,"80289909"
730,321,14915450029,"542619005"
731,320,16677166627,"542619254"
732,322,35147579772,
733,322,16677198988,"410741428"
734,319,16677133184,"80289909"
735,323,17079841811,"238285928"
736,2,,
737,299,16677178485,"542619005"
738,324,16677148801,
739,325,14915492507,"410741428"
740,326,16677163849,"542619254"
741,327,15580089960,"78617315"
742,299,16248157996,"542619005"
743,328,16677399869,"238285928"
744,143,15487493176,"512816524"
745,143,14915411266,"512816524"
746,299,17160576948,"542619005"
747,329,14915449980,"542619254"
748,143,15916278193,"512816524"
749,330,16677190172,"80289909"
750,2,,
751,181,16321500076,"512816524"
752,181,16320590359,"512816524"
753,181,16320844674,"512816524"
754,181,16320834184,"512816524"
755,331,16677158672,
756,332,16677116837,
757,333,16677132977,"542619254"
758,334,16677166503,"542619005"
759,334,,
760,335,16677158579,"542619254"
761,335,17185432199,"542619254"
762,73,35042140328,
763,336,16677163681,
764,337,16677187435,"78617315"
765,338,16677192886,"80289909"
766,35,17175543188,"410741428"
767,339,16192406156,"542619254"
768,303,14915506028,"410741428"
769,339,15580113276,"542619254"
770,339,15580253869,"542619254"
771,339,15580245283,"542619254"
772,339,15580246437,"542619254"
773,339,15580220302,"542619254"
774,339,15580196249,"542619254"
775,340,16677151757,"542619005"
776,339,15580113260,"542619254"
777,341,16677198756,"238285928"
778,342,14915377724,
779,343,16677405350,"78617315"
780,344,16677146258,"80289909"
781,345,16677146270,"410741428"
782,346,16677379855,"238285928"
783,348,16677163701,"542619005"
784,349,16677379635,"238285928"
785,339,15580236146,"542619254"
786,339,15580240152,"542619254"
787,339,15580141383,"542619254"
788,339,15580229987,"542619254"
789,347,16677130285,"78617315"
790,351,14915377709,
791,352,16677116593,"78617315"
792,353,16677182060,"80289909"
793,353,16677187243,"80289909"
794,339,15580119926,"542619254"
795,339,15580153407,"542619254"
796,354,14915432571,"542619254"
797,355,16677181999,"542619005"
798,355,17248698550,"542619005"
799,356,16677390760,"238285928"
800,357,16677161361,
801,339,35139924779,
802,358,16677135910,
803,359,16677182011,"78617315"
804,110,35042140797,"410741428"
805,110,35040283497,"410741428"
806,360,16677182034,"80289909"
807,362,17138570623,"542619005"
808,117,14915437201,"512816524"
809,117,14915392902,"512816524"
810,117,17271656969,"512816524"
811,117,14915398208,"512816524"
812,117,14915484328,"512816524"
813,339,16326571927,"542619254"
814,153,14915480465,"410741428"
815,363,14915505927,"542619005"
816,117,14915496614,"512816524"
817,117,14915492433,"512816524"
818,117,14915492617,"512816524"
819,117,14915437118,"512816524"
820,117,14915496578,"512816524"
821,117,14915505954,"512816524"
822,117,14915472481,"512816524"
823,117,14915454272,"512816524"
824,117,14915454118,"512816524"
825,117,14915467272,"512816524"
826,117,14915467292,"512816524"
827,117,14915458620,"512816524"
828,117,14915437124,"512816524"
829,117,14915458616,"512816524"
830,117,14915445773,"512816524"
831,117,17271657270,"512816524"
832,117,14915406863,"512816524"
833,117,14915462832,"512816524"
834,117,17273617502,
835,361,16677161633,"80289909"
836,364,16677379851,"238285928"
837,365,16677381991,
838,365,35137908270,
839,366,16677151657,"410741428"
840,367,15580171359,"512816524"
841,284,16677140831,"410741428"
842,368,16677184530,"410741428"
843,284,16677388085,"410741428"
844,369,14915484438,"542619254"
845,370,16677190041,"78617315"
846,371,16677158661,"80289909"
847,372,16677187218,"410741428"
848,373,,
849,375,16677166650,"542619005"
850,376,16676426817,"410741428"
851,377,16677195316,"238285928"
852,378,14915377789,"238285928"
853,379,16677383465,"238285928"
854,380,16677153412,"410741428"
855,381,17222376098,"78617263"
856,381,15576156971,"78617263"
857,381,17327520094,"78617263"
858,382,16677133192,"78617315"
859,383,16677151911,"78617315"
860,121,17382689876,"512816524"
861,121,14915419665,"512816524"
862,121,16302539631,"512816524"
863,121,17382690853,"512816524"
864,121,17382691144,"512816524"
865,384,16677382015,"80289909"
866,385,16677156727,"542619254"
867,386,16677187234,"410741428"
868,387,20827459424,
869,388,16677163824,"542619005"
870,389,14915462922,"238285928"
871,167,17395601332,"410741428"
872,167,17395601705,"410741428"
873,390,23106764439,
874,390,23106850194,
875,391,15580145063,"410741428"
876,392,16677148784,"78617315"
877,2,,
878,393,17450199601,"80289909"
879,394,10389215035,"512816524"
880,394,17456515766,"512816524"
881,395,14915484337,"542619254"
882,264,14915480402,"410741428"
883,264,23106763520,"410741428"
884,396,15580229965,"542619005"
885,397,16677132973,"238285928"
886,398,35133916857,
887,398,,
888,398,23107366190,
889,399,14915445672,"78617315"
890,400,16677388102,"80289909"
891,401,14915424092,"542619254"
892,401,14915445620,"542619254"
893,147,16082531092,
894,147,16082669944,
895,147,14915388326,
896,147,16082653583,
897,147,16083003741,
898,184,16640630098,"410741428"
899,184,16640868464,"410741428"
900,184,16640753456,"410741428"
901,184,16640666641,"410741428"
902,184,,
903,184,,
904,184,16641749882,"410741428"
905,184,15607926373,
906,184,16640375313,"410741428"
907,184,16640650043,"410741428"
908,184,16640337951,"410741428"
909,184,16640728377,"410741428"
910,184,16640337953,"410741428"
911,184,14915513881,"410741428"
912,184,16640842513,"410741428"
913,184,16640795809,"410741428"
914,184,16080770370,
915,402,16677187342,"410741428"
916,403,23106851236,"542619005"
917,404,16080803999,"238285928"
918,405,18440709410,"80289909"
919,405,18440629331,"80289909"
920,405,18440840064,"80289909"
921,405,18440764802,"80289909"
922,405,18440833618,"80289909"
923,405,18440719767,"80289909"
924,406,23107591985,"78617263"
925,406,23107591793,"78617263"
926,407,14915373599,"78617315"
927,408,16676426853,"80289909"
928,409,16677161486,"410741428"
929,410,16677151786,"542619254"
930,403,16677166654,
931,411,14915496520,"542619005"
932,403,14915424091,"542619005"
933,412,16677385823,"238285928"
934,413,15580093472,
935,414,16677385997,"410741428"
936,415,16676400909,"78617315"
937,416,18436815777,
938,417,16677184418,"78617315"
939,418,16080872045,"80289909"
940,419,14915402775,"542619254"
941,420,,
942,421,16677140764,"542619005"
943,422,16862310291,"238285928"
944,374,,
945,423,16329364252,"542619254"
946,423,16329398693,"542619254"
947,423,16329768517,"542619254"
948,423,16329724700,"542619254"
949,423,16329272915,"542619254"
950,423,16329686136,"542619254"
951,423,16057222274,"542619254"
952,423,16329818446,"542619254"
953,423,16329340294,"542619254"
954,423,16329758983,"542619254"
955,423,16328917814,"542619254"
956,423,16329376775,"542619254"
957,423,16329681437,"542619254"
958,423,16329662254,"542619254"
959,423,16677151755,"542619254"
960,423,16329354668,"542619254"
961,423,17584817249,"542619254"
962,423,16676445838,"542619254"
963,422,17586489655,"238285928"
964,424,16677386075,
965,425,16677383492,"78617315"
966,426,16676445851,"410741426"
967,427,16677156755,"80289909"
968,374,14915492515,"542619254"
969,428,14915472296,"410741428"
970,429,15580171372,"410741428"
971,430,16677161369,"542619254"
972,430,16677163695,"542619254"
973,431,16677178472,"80289909"
974,432,16677216775,"542619254"
975,433,14915445600,"542619005"
976,434,16677184441,"410741428"
977,435,15580178307,"238285928"
978,299,35135464871,"542619005"
979,437,16677393469,"542619254"
980,299,35132989052,"542619005"
981,299,17801799553,"542619005"
982,438,20828882540,
983,439,17633280398,
984,440,16677178649,"78617315"
985,436,16677140759,"512816524"
986,441,16080836953,"542619005"
987,299,16677130422,"542619005"
988,299,35140273564,"542619005"
989,299,35132058694,"542619005"
990,299,35132678840,"542619005"
991,299,35136829726,"542619005"
992,436,16677198737,"512816524"
993,436,16676426821,"512816524"
994,436,17787771774,"512816524"
995,436,16676400755,"512816524"
996,299,35138533280,"542619005"
997,299,17805805057,"542619254"
998,299,35134689696,"542619005"
999,299,35136674484,"542619005"
1000,428,14915398220,"410741428"
1001,72,17724104479,"234179475"
1002,428,14915423922,"410741428"
1003,442,14915373607,"542619254"
1004,443,16677156766,"80289909"
1005,445,16080881826,"542619005"
1006,32,14915384502,"238285323"
1007,446,16677381981,"410741428"
1008,436,16677156701,"512816524"
1009,436,16677140744,"512816524"
1010,436,16065713777,"512816524"
1011,436,16677175726,"512816524"
1012,436,16677385825,"512816524"
1013,436,16677190001,"512816524"
1014,436,16677387957,"512816524"
1015,436,15969051263,"512816524"
1016,436,16676445788,"512816524"
1017,436,16677151656,"512816524"
1018,436,17785749865,"512816524"
1019,436,16677135774,"512816524"
1020,436,16677135771,"512816524"
1021,436,16677148785,"512816524"
1022,436,16723103913,"512816524"
1023,436,17785897012,"512816524"
1024,436,17785897075,"512816524"
1025,447,16677135948,
1026,448,14915388480,"78617315"
1027,449,14985570079,"80289909"
1028,450,17723569222,"542619254"
1029,451,15580116843,"238285928"
1030,318,14915454293,"410741428"
1031,452,15580124677,"238285928"
1032,453,17772693619,"410741428"
1033,318,22486629535,"410741428"
1034,454,14915454255,"542619005"
1035,455,15580174925,"238285928"
1036,318,22485596498,"410741428"
1037,456,16677163807,
1038,457,16677119540,"78617315"
1039,458,10517975454,"80289909"
1040,459,17232495956,
1041,460,15580167270,"410741428"
1042,461,14915373491,
1043,462,14915488277,"410741428"
1044,463,16080925075,"542619254"
1045,463,16080854419,"542619254"
1046,350,16676400912,"410741428"
1047,464,16299443975,"542619254"
1048,465,16677387950,"238285928"
1049,466,16677399827,
1050,467,14915496623,"78617315"
1051,468,15580220303,"80289909"
1052,162,35045315657,"238285928"
1053,469,17799853593,"542619005"
1054,470,16677146405,"542619254"
1055,471,16677163799,"542619005"
1056,472,15580216109,"238285928"
1057,473,16677158663,
1058,294,17840767920,"410741428"
1059,294,17840480584,"410741428"
1060,294,17840480537,"410741428"
1061,294,17840480408,"410741428"
1062,2,,
1063,474,15580093494,"78617315"
1064,475,14915437066,"80289909"
1065,78,16640650040,"234179475"
1066,78,16640780855,"234179475"
1067,78,16640623147,"234179475"
1068,78,16640657732,"234179475"
1069,476,16080846981,"542619254"
1070,477,17799770006,"78617315"
1071,478,16677132913,"410741428"
1072,478,16677148790,"410741428"
1073,478,16676445790,"410741428"
1074,479,,
1075,480,16677198758,"542619005"
1076,481,16677146382,"238285928"
1077,482,16677175991,
1078,483,14915388334,
1079,484,14915406895,"78617315"
1080,485,16677184568,"80289909"
1081,487,17248391528,
1082,444,16677163856,"542619254"
1083,488,20828768850,
1084,486,35137138833,
1085,486,35136084056,
1086,486,35140119378,
1087,486,35132058695,
1088,486,18062311765,
1089,486,35138222748,
1090,486,16677405343,
1091,486,18062312102,
1092,489,23107368072,"542619005"
1093,489,23107367829,"542619005"
1094,489,23107367985,"542619005"
1095,490,14915377762,"238285928"
1096,491,14915377747,"78617315"
1097,492,18194195641,"238285323"
1098,492,18194195630,"238285323"
1099,492,18194415659,"238285323"
1100,492,18194377484,"238285323"
1101,492,18194395424,"238285323"
1102,492,18194195774,"238285323"
1103,493,18466937732,"2097217829"
1104,495,18323462296,"1080712470"
1105,496,17798051651,
1106,495,18640887138,"1080712470"
1107,497,15580191239,"80289909"
1108,498,16677166484,"542619254"
1109,499,14915484291,"542619005"
1110,500,18267198744,"512816524"
1111,501,18281355878,"238285928"
1112,502,21160347978,"410741426"
1113,503,18192310868,"1080712470"
1114,504,18192337223,"1419796087"
1115,505,20461845552,"2097217829"
1116,506,14915388416,"238285928"
1117,507,18683957939,
1118,508,18267762547,"78617315"
1119,509,18334324797,"1080712470"
1120,509,18467051444,"1080712470"
1121,510,18385125633,"1080712470"
1122,511,15580119934,"80289909"
1123,512,20828738372,"1080712470"
1124,513,21441362089,
1125,515,14915419747,"80289909"
1126,516,20227951223,
1127,517,16080894041,"542619005"
1128,518,18192337219,"80051141"
1129,519,,
1130,522,16677195347,
1131,521,16677151660,"238285928"
1132,523,16676445782,"78617315"
1133,524,23109333267,"80051141"
1134,524,23109333095,"80051141"
1135,525,18192330058,"80051141"
1136,526,16677148809,
1137,527,14915484465,"542619254"
1138,528,18455602280,"80051141"
1139,529,18440437908,"80051141"
1140,530,18430330171,"80051141"
1141,531,18467891632,"2097217829"
1142,532,18473319056,"80289909"
1143,533,20827355224,
1144,497,35135773953,"80289909"
1145,534,18538818818,"2097217829"
1146,535,18426999091,"542619005"
1147,537,34087277833,"1537675450"
1148,537,18551822727,"1537675450"
1149,538,18051890814,"410741428"
1150,539,18562738095,"80051141"
1151,540,18430335618,"2097217829"
1152,541,18551822603,
1153,542,18429255258,"80051141"
1154,543,18579123826,"80051141"
1155,544,23107987292,"1080712470"
1156,544,28643645252,"1080712470"
1157,544,23107987215,"1080712470"
1158,545,18592506432,"80051141"
1159,546,18173654198,"238285928"
1160,547,18593090652,"1080712470"
1161,548,18267747700,"410741428"
1162,549,18554306605,"1537675450"
1163,550,18604587172,"1537675450"
1164,551,16677146256,"542619005"
1165,552,18192450616,
1166,553,18617151889,
1167,554,18610904928,"1537675450"
1168,555,23107987586,"80051141"
1169,556,18596683073,"80051141"
1170,557,18630427911,"1537675450"
1171,559,18592297902,
1172,558,18382128201,"238285928"
1173,560,,
1174,561,18591802373,"80051141"
1175,562,18640841081,"80051141"
1176,557,35135310413,
1177,563,18645680562,"80051141"
1178,564,18640208518,"1419796087"
1179,565,18641055129,"1733731858"
1180,566,23109334380,"1537675450"
1181,566,23109334442,"1537675450"
1182,567,18525759124,"1537675450"
1183,568,18429251927,"410741426"
1184,569,18622960226,"80051141"
1185,571,18613762877,"1419796087"
1186,571,18700327946,"1419796087"
1187,572,18613660795,"1537675450"
1188,573,18683774788,"80051141"
1189,574,18660320121,"1419796087"
1190,575,18699453821,"80051141"
1191,576,18506636693,"80051141"
1192,577,18192206155,"410741426"
1193,578,18475292775,"238285184"
1194,579,18751148681,"2097217829"
1195,580,22127877029,"1537675450"
1196,581,20828646834,
1197,582,18768412187,"80051141"
1198,582,35139461412,"80051141"
1199,582,35135464870,"80051141"
1200,582,35134536302,"80051141"
1201,582,35132522092,"80051141"
1202,582,35137138832,"80051141"
1203,582,35136395576,"80051141"
1204,583,18756706186,
1205,584,18594201115,"80051141"
1206,585,18784561472,"2097217829"
1207,586,,
1208,586,,
1209,587,18430271235,"80051141"
1210,555,23107987794,"80051141"
1211,590,18801600618,"80051141"
1212,591,18769284189,
1213,585,18784561307,"2097217829"
1214,585,18784775830,"2097217829"
1215,592,18829797711,"713832834"
1216,580,28838931251,"1537675450"
1217,580,18843270809,"1537675450"
1218,585,18784775734,"2097217829"
1219,585,18784775865,"2097217829"
1220,580,18827799856,"1537675450"
1221,593,18429208367,"2097217829"
1222,594,23109589285,"1080712470"
1223,594,23109335047,"1080712470"
1224,595,18829123643,"1537675450"
1225,596,16677143440,"542619254"
1226,597,18830384522,"80051141"
1227,598,18845053288,"80051141"
1228,599,18839386884,"80051141"
1229,600,15125386599,
1230,601,18845054028,"80051141"
1231,602,18818488741,"80051141"
1232,604,18853916251,"80051141"
1233,605,18813207590,"80051141"
1234,312,18878832726,"542619254"
1235,606,18603986730,"80051141"
1236,607,18856306762,"80051141"
1237,608,18923022336,"2097217829"
1238,610,18925534272,"1537675450"
1239,611,18490318976,"1080712470"
1240,612,18895042982,"80051141"
1241,613,18885208740,"2097217829"
1242,614,18943744334,"80051141"
1243,514,18314744699,"1537675450"
1244,557,35135001635,
1245,557,35139461411,
1246,615,18852001126,"80051141"
1247,615,35138533279,"80051141"
1248,616,15580124592,"410741428"
1249,617,18960264595,"80051141"
1250,611,19488567173,"1080712470"
1251,611,35133140385,
1252,611,19304951929,"1080712470"
1253,611,35136395577,
1254,611,35131945390,
1255,611,35132989050,
1256,611,35137447004,
1257,611,19304991394,"1080712470"
1258,618,18973456157,"80051141"
1259,619,18980164132,"80051141"
1260,620,19015143983,"1080712470"
1261,621,,
1262,621,,
1263,622,18429269821,"80051141"
1264,623,18962409510,"80051141"
1265,624,18954591154,"1419796087"
1266,625,19034407279,"80051141"
1267,626,19085617733,"2097217829"
1268,626,19085428296,"2097217829"
1269,626,19085689979,"2097217829"
1270,626,19085622639,"2097217829"
1271,626,19082518429,"2097217829"
1272,627,19010175641,"80051141"
1273,627,19010175641,"80051141"
1274,628,19074943537,
1275,628,35037069901,
1276,629,19101231703,"2097217829"
1277,2,,
1278,568,18192308244,"410741426"
1279,630,18429162660,"80051141"
1280,631,18538059165,"80051141"
1281,632,19155111452,"2097217829"
1282,633,19151350833,"80051141"
1283,634,19164933122,"2097217829"
1284,635,18680009533,"80051141"
1285,636,21854674593,"1537675450"
1286,637,19180548695,"1537675450"
1287,638,18750698906,"1080712470"
1288,635,19304849758,"80051141"
1289,639,19192267282,"80051141"
1290,640,19193634335,"80051141"
1291,641,19583597853,"2097217829"
1292,641,19583565066,"2097217829"
1293,642,19192340521,"80051141"
1294,643,19207737897,"80051141"
1295,644,19193550694,"80051141"
1296,646,19234360859,"80051141"
1297,647,18884161082,"80051141"
1298,648,19233098844,"1419796087"
1299,648,35141104149,
1300,642,19251134043,"80051141"
1301,649,19193634334,"2097217829"
1302,650,19238965263,"80051141"
1303,651,19194166958,"2097217829"
1304,652,20828716650,
1305,653,19250874536,"80051141"
1306,654,19234694529,"2097217829"
1307,655,19253866614,"1080712470"
1308,656,19278225784,"80051141"
1309,657,19249796238,"80051141"
1310,658,19221659768,"80051141"
1311,659,19271271319,"238289434"
1312,660,19306218143,"1080712470"
1313,661,19303701169,"80051141"
1314,662,19282400842,"2097217829"
1315,645,,
1316,663,19123275188,"80051141"
1317,664,19192340326,"80051141"
1318,665,19305841470,"1080712470"
1319,666,19368058642,"1419796087"
1320,666,19367950755,"1419796087"
1321,666,19368060731,"1419796087"
1322,666,19368067356,"1419796087"
1323,666,19366974374,"1419796087"
1324,667,19341933194,"48930014"
1325,668,19331140755,"542619409"
1326,669,19368392743,"80051141"
1327,670,19383664008,"80051141"
1328,671,19305587278,"1419796087"
1329,672,19373511577,"1080712470"
1330,673,19382218291,"80051141"
1331,674,19236772483,"80051141"
1332,675,19367895138,"80051141"
1333,676,19412715644,"1080712470"
1334,676,19411251046,"1080712470"
1335,677,19177363382,"1537675450"
1336,676,19194244726,"1080712470"
1337,676,19412570690,"1080712470"
1338,676,19412631108,"1080712470"
1339,676,19412570688,"1080712470"
1340,676,19412553846,"1080712470"
1341,676,19412645554,"1080712470"
1342,676,19412522786,"1080712470"
1343,676,19412466195,"1080712470"
1344,676,19412478893,"1080712470"
1345,676,19412513558,"1080712470"
1346,676,19412535473,"1080712470"
1347,676,19412513557,"1080712470"
1348,676,19412557575,"1080712470"
1349,676,19412451762,"1080712470"
1350,676,19412389772,"1080712470"
1351,676,19412665494,"1080712470"
1352,676,19412570689,"1080712470"
1353,676,19412531491,"1080712470"
1354,676,20227811077,"1080712470"
1355,676,19412598272,"1080712470"
1356,676,19412500335,"1080712470"
1357,676,19412435639,"1080712470"
1358,676,19412574988,"1080712470"
1359,676,19412483418,"1080712470"
1360,678,19324712992,"1080712470"
1361,679,21912294802,"1419796087"
1362,679,21912314382,"1419796087"
1363,680,19270432353,
1364,681,19402004854,"80051141"
1365,669,35138998356,"80051141"
1366,682,19416652407,"584157812"
1367,683,19162870400,"2030543713"
1368,684,,
1369,685,19470276019,"80051141"
1370,686,19438152868,"80051141"
1371,687,19367790770,"1239725065"
1372,688,19492057506,"2030543713"
1373,689,19490667181,"80051141"
1374,690,19525805139,"80051141"
1375,690,19525818524,"80051141"
1376,690,19525818667,"80051141"
1377,690,19525804850,"80051141"
1378,691,19504063384,"80051141"
1379,693,19466695487,"2097217829"
1380,694,19279142807,"1080712470"
1381,690,,
1382,695,19521779847,"1239725065"
1383,696,19279141959,"1080712470"
1384,697,19368725525,"80051141"
1385,698,20461917960,
1386,699,21424957555,"2097217829"
1387,700,19399320197,"80051141"
1388,701,18862751915,"80051141"
1389,702,20227894594,
1390,703,19487251822,"1080712470"
1391,696,19619170677,"1080712470"
1392,704,19616584851,"80051141"
1393,704,19616642112,"80051141"
1394,705,19509052488,"48930014"
1395,707,19598784814,"1080712470"
1396,2,,
1397,692,20460384885,
1398,519,29701616945,
1399,708,19602188288,"1239725065"
1400,709,19613187417,"2097217829"
1401,710,19632199450,"1239725065"
1402,711,19108149938,"2030543713"
1403,712,19649081014,"80051141"
1404,713,19683363116,"80051141"
1405,520,,
1406,2,,
1407,714,18740798808,"80051141"
1408,715,19699572054,"2097217829"
1409,716,19700734859,"1419796087"
1410,2,,
1411,717,19542382211,"2030543713"
1412,718,19736317203,"1419796087"
1413,719,19769567581,"1080712470"
1414,720,19583373639,"2097217829"
1415,721,19827212692,"1080712470"
1416,722,19929480243,"1080712470"
1417,723,20827178902,"80051141"
1418,724,19739822186,"80051141"
1419,725,19154889895,"2030543713"
1420,726,19544088663,"2030543713"
1421,727,20012625530,"2097217829"
1422,492,20112885884,"238285323"
1423,728,19543935413,
1424,729,19543905604,"2030543713"
1425,730,20087922600,"80051141"
1426,731,19723146060,"1080712470"
1427,732,19543847277,"48930014"
1428,733,20177975317,"1080712470"
1429,734,19542363455,"2030543713"
1430,735,20178419469,"80051141"
1431,736,20153302651,"2097217829"
1432,737,20115292846,"1419796087"
1433,738,19543961973,"2030543713"
1434,739,19543941779,"2030543713"
1435,740,20157350041,"1080712470"
1436,741,19544053395,"2030543713"
1437,557,35137138831,
1438,742,21493762409,
1439,743,18192392984,"1080712470"
1440,744,20153321145,"80051141"
1441,745,19544053394,"2030543713"
1442,746,19544022790,"2030543713"
1443,747,20211940139,"2097217829"
1444,748,19543979907,"1239725065"
1445,727,20195910966,"2097217829"
1446,492,20266107656,"238285323"
1447,566,35140273565,
1448,750,20228009621,"410741428"
1449,607,35141104150,"80051141"
1450,751,,
1451,752,20291749013,"234179475"
1452,753,20265458243,"1239725065"
1453,754,18192356159,"1080712470"
1454,756,20267451670,"1733731858"
1455,758,20291750965,"2030543713"
1456,759,20175689119,"2030543713"
1457,760,19542185088,"2030543713"
1458,761,20316824948,"80051141"
1459,762,19544022843,"2030543713"
1460,763,20316029074,"1080712470"
1461,764,20214883908,
1462,765,19543833115,"48930014"
1463,766,19603995699,"1080712470"
1464,767,20313170711,"2030543713"
1465,768,18827750833,"80051141"
1466,769,20177486614,"2030543713"
1467,770,20317692430,"2030543713"
1468,771,20101617984,"2097217829"
1469,772,20226740580,"80051141"
1470,773,19543955756,"2030543713"
1471,774,20316826520,"2030543713"
1472,775,20617068185,
1473,776,19544064915,"2030543713"
1474,777,20356273561,"1239725065"
1475,779,20336308602,"80051141"
1476,780,18995146556,
1477,781,20395697941,"1733731858"
1478,782,20359113529,"584157812"
1479,783,20316625668,"1239725065"
1480,784,20827294486,
1481,785,19544009137,"1239725065"
1482,786,19543941799,"1239725065"
1483,787,20414657069,"105587133"
1484,788,20335671639,"1080712470"
1485,785,19543941909,"1239725065"
1486,789,20173143945,"1080712470"
1487,790,19332272548,"2097217829"
1488,791,,
1489,792,20379282354,"80051141"
1490,793,20403730717,"80051141"
1491,794,20227951137,"1080712470"
1492,795,19682830718,"1080712470"
1493,796,20318609772,"2030543713"
1494,797,,
1495,798,20442678420,"80051141"
1496,798,20442678190,"80051141"
1497,798,20397438466,"80051141"
1498,799,19724432976,"1080712470"
1499,800,21045160984,"48930014"
1500,801,19543847272,"48930014"
1501,802,20340018770,"2097217829"
1502,803,20340019320,"1239725065"
1503,804,19651453735,"80051141"
1504,805,19543833160,"2030543713"
1505,806,19542363434,"2030543713"
1506,807,20265498542,"1080712470"
1507,808,19437581435,"1080712470"
1508,809,19544031890,"48930014"
1509,810,20342074772,"2030543713"
1510,811,18604416680,"1239725065"
1511,812,20467353734,"80051141"
1512,813,20467355285,"80051141"
1513,814,19543905606,"2030543713"
1514,815,20464264863,"2030543713"
1515,816,18604356242,
1516,817,20177810962,"2030543713"
1517,818,20532103725,"2097217829"
1518,818,23109792060,"2097217829"
1519,818,23109792153,"2097217829"
1520,806,35136395575,
1521,819,20464468125,"2030543713"
1522,820,19681802364,"1537675450"
1523,820,20832507492,"1537675450"
1524,821,19677449027,"1080712470"
1525,822,20461896354,"2097217829"
1526,823,20598995826,"1239725065"
1527,824,20598235234,"1080712470"
1528,752,35132989051,
1529,752,35135929904,
1530,825,19542213297,"1239725065"
1531,826,20571223086,"2097217829"
1532,827,20602824352,"1239725065"
1533,828,20534003873,"1080712470"
1534,829,20602823987,"1239725065"
1535,830,20598236552,"15846616"
1536,831,19543941815,"2030543713"
1537,832,20598386323,"2030543713"
1538,833,20556017277,"1080712470"
1539,834,19542374261,"2030543713"
1540,835,19544098841,"2030543713"
1541,836,20174024268,"2030543713"
1542,837,19543955726,"2030543713"
1543,838,19544071088,
1544,839,20618822252,
1545,840,20597362780,"1537675450"
1546,842,20615242674,"80051141"
1547,843,19543911990,"2030543713"
1548,844,20605759092,"80051141"
1549,845,20309753715,"80051141"
1550,846,20656479390,
1551,847,20538600488,"1080712470"
1552,848,18747142258,
1553,849,20602905474,"1537675450"
1554,850,20461718662,"80051141"
1555,851,20227983638,"80051141"
1556,725,21137611329,"2030543713"
1557,852,20681092356,"1537675450"
1558,853,20790133794,"2030543713"
1559,854,20620594057,"80051141"
1560,855,20701809828,"1080712470"
1561,857,20601235566,"2030543713"
1562,856,20672269969,"1080712470"
1563,859,20564861014,"80051141"
1564,858,16677135913,"78617315"
1565,519,,
1566,860,19543918371,"48930014"
1567,861,19543821675,"2030543713"
1568,862,19414527131,"1080712470"
1569,863,20722923528,"2097217829"
1570,864,20724135808,"1080712470"
1571,865,20730657659,"80051141"
1572,866,20559236518,"1419796087"
1573,867,19544053515,"1239725065"
1574,868,20227920036,
1575,866,20227919781,"1419796087"
1576,866,22573908126,"1419796087"
1577,866,22573908252,"1419796087"
1578,869,19544065064,"350279591"
1579,870,19543979832,"2030543713"
1580,871,20177547314,"2030543713"
1581,872,18604361087,"2030543713"
1582,873,20827355249,"1537675450"
1583,874,20398946316,"410741428"
1584,875,19400066904,"542619254"
1585,876,19819905582,"2030543713"
1586,877,20484063156,"1537675450"
1587,878,20227925630,"1080712470"
1588,879,20227957114,"410741428"
1589,879,20931674732,"410741428"
1590,879,20931734299,"410741428"
1591,880,20936658832,"2030543713"
1592,882,20776430159,"1419796087"
1593,883,20214633355,"80051141"
1594,884,20936658729,"2030543713"
1595,884,20937360822,"1239725065"
1596,502,21160164955,"410741426"
1597,502,21160164439,"410741426"
1598,502,21160347494,"410741426"
1599,885,20957314051,"1419796087"
1600,886,20975654059,"1733731858"
1601,887,20981838477,"1537675450"
1602,888,20973856566,"2030543713"
1603,889,20909144497,"1080712470"
1604,890,20678009954,"80051141"
1605,891,18674245042,"542619005"
1606,892,35146810013,
1607,893,20401664688,"80051141"
1608,894,19543847319,"1239725065"
1609,895,19542185133,"2030543713"
1610,896,18687362614,"584157812"
1611,897,19007542309,"1733731858"
1612,898,20153275575,"2030543713"
1613,899,14915454292,"80289909"
1614,900,14915411216,"410741428"
1615,900,35135310412,
1616,901,20227970210,"1733731858"
1617,872,21168712121,"2030543713"
1618,902,14915373490,"78617315"
1619,903,28643311631,"542619005"
1620,904,16677429773,"542619254"
1621,905,21691391801,"238285928"
1622,905,35133762223,"238285928"
1623,906,20399027506,"410741428"
1624,907,19544076899,"2030543713"
1625,872,35132989053,
1626,908,18253880641,"542619254"
1627,500,18291070497,"512816524"
1628,500,18267184056,"512816524"
1629,909,20955210575,"1080712470"
1630,910,20290496532,"80051141"
1631,2,,
1632,911,20681776270,"80051141"
1633,912,21282861184,"1080712470"
1634,913,14915472293,
1635,2,,
1636,914,20177733911,"2030543713"
1637,915,19543901211,"48930014"
1638,916,19543911952,"2030543713"
1639,884,21044107871,"1239725065"
1640,884,21372839068,"1239725065"
1641,884,21507982999,"1239725065"
1642,917,18030297663,"542619254"
1643,918,21222688434,"1733731858"
1644,919,18429188975,
1645,919,18429188975,
1646,920,,
1647,920,,
1648,921,10220352358,
1649,922,14915472423,"78617315"
1650,923,20828806051,"1537675450"
1651,924,20726966874,"2030543713"
1652,925,19543992657,"2030543713"
1653,926,17958106414,"80289909"
1654,927,21440495684,"1537675450"
1655,928,,
1656,929,20177222677,"2030543713"
1657,931,19543935393,"1239725065"
1658,932,21047383336,"48930014"
1659,933,18937591985,"1419796087"
1660,934,,
1661,935,16677385882,"542619254"
1662,936,21578890074,"1080712470"
1663,930,21617500737,"542619254"
1664,930,21615156021,"542619254"
1665,930,21613483831,"542619254"
1666,930,21613481558,"542619254"
1667,930,21613821239,"542619254"
1668,937,16677190166,"542619005"
1669,938,16677195302,"238285928"
1670,737,21045335170,"1419796087"
1671,939,19434964063,"1080712470"
1672,940,16677138697,
1673,941,18937535323,
1674,942,21619921514,"2030543713"
1675,943,19542156904,"2030543713"
1676,944,19544022698,"2030543713"
1677,945,20601347767,"1419796087"
1678,946,20227853942,"1733731858"
1679,947,20461640022,"1733731858"
1680,947,20461753708,"1733731858"
1681,947,20462051667,"1733731858"
1682,947,20461940350,"1733731858"
1683,948,21631475276,"78617315"
1684,949,28643636295,"80289909"
1685,950,20461796612,"1080712470"
1686,951,21612849177,"542619254"
1687,952,14915449891,"410741428"
1688,953,35039702643,
1689,954,14915449987,
1690,955,35140273563,
1691,737,21704992523,"1419796087"
1692,956,21634382761,"1733731858"
1693,957,14974029333,"542619005"
1694,958,21710307628,"1080712470"
1695,959,19542162703,"2030543713"
1696,818,23109791899,"2097217829"
1697,961,17799772288,"410741428"
1698,962,19544082539,"2030543713"
1699,963,15580229964,"238285928"
1700,964,21749919911,"2030543713"
1701,965,30680417288,"512816524"
1702,966,21758940015,"2030543713"
1703,967,20828920681,
1704,968,16080803996,"410741428"
1705,964,21805818708,"2030543713"
1706,969,20828701026,"1733731858"
1707,970,16677195183,
1708,971,20225631636,"1080712470"
1709,972,21805828211,"1537675450"
1710,973,21785973943,"1537675450"
1711,974,21798608766,"78617315"
1712,975,21820274774,"1080712470"
1713,976,20761099851,"2030543713"
1714,977,19544076906,"2030543713"
1715,978,18937590887,"1537675450"
1716,979,21798990604,"80289909"
1717,980,21824081253,"1537675450"
1718,981,21840105377,"1733731858"
1719,982,21802754323,"1537675450"
1720,983,22286522409,"1733731858"
1721,984,21854751846,"1080712470"
1722,985,21856221324,"1080712470"
1723,986,22067351055,"1733731858"
1724,987,19543929111,"2030543713"
1725,988,21859505453,"2030543713"
1726,989,,
1727,990,21870108340,"1419796087"
1728,964,21044024588,"2030543713"
1729,991,21873729357,"1080712470"
1730,948,16080849484,"78617315"
1731,992,35041338202,
1732,964,21047460686,"2030543713"
1733,993,21909728362,"2030543713"
1734,994,21909683040,"2030543713"
1735,995,21910133879,"1080712470"
1736,995,22370047323,"1080712470"
1737,996,21923132340,"2030543713"
1738,997,21806214263,"2097217829"
1739,519,,
1740,998,15778517030,"542619254"
1741,923,21978841142,"1080712470"
1742,999,35041338408,
1743,943,21949369511,"2030543713"
1744,964,21976406333,"2030543713"
1745,1000,20177222678,"2030543713"
1746,1001,21949370369,"1080712470"
1747,923,35138841130,
1748,923,21979016082,"1080712470"
1749,923,21979035303,"1080712470"
1750,923,21977887294,"1080712470"
1751,1002,20909032823,"1419796087"
1752,1003,,
1753,1004,19543986031,"2030543713"
1754,1005,21311010601,"2030543713"
1755,1006,14915377683,"542619254"
1756,1007,18539079520,"542619005"
1757,1008,16080945719,"238285928"
1758,1009,16677383538,"78617263"
1759,1010,21976661333,"2030543713"
1760,1012,21979798056,"1080712470"
1761,1013,19544009133,"2030543713"
1762,1014,20291749532,"48930014"
1763,1015,,
1764,1016,19543941781,"2030543713"
1765,1004,18604342072,"2030543713"
1766,1018,16677393547,"542619409"
1767,1017,22013406642,"1537675450"
1768,1019,16079434133,"78617315"
1769,1020,20828655704,
1770,1021,16677138689,"80289909"
1771,1022,21925538908,"1733731858"
1772,1023,21977350023,"2030543713"
1773,1024,22017484913,"1537675450"
1774,1025,15576158582,"542619254"
1775,1026,21979260070,"1733731858"
1776,1027,16677149041,"542619005"
1777,1028,19542244177,"2030543713"
1778,1029,22027281591,"1733731858"
1779,1030,,
1780,964,22052329993,"2030543713"
1781,1031,20177394710,"2030543713"
1782,1033,22028697480,"1733731858"
1783,1049,15580191257,"410741428"
1784,1052,22049659785,"1080712470"
1785,1053,18428364589,"1537675450"
1786,1051,22331084049,"350279591"
1787,1051,22328858912,"350279591"
1788,1035,22047203252,"1080712470"
1789,1051,18604478061,"1239725065"
1790,1054,21979749292,"1537675450"
1791,1056,21470664887,"238285928"
1792,1057,22084735802,"1537675450"
1793,1058,22037057677,"1080712470"
1794,1059,20466166347,"1419796087"
1795,1060,20177714023,"2030543713"
1796,1061,19174774341,"48930014"
1797,1062,19544053368,"2030543713"
1798,964,22165485825,"2030543713"
1799,1063,22126763944,"1080712470"
1800,1064,18937696795,"1733731858"
1801,1065,22129985829,"1080712470"
1802,1066,35041410994,
1803,892,21045490305,"105587133"
1804,892,21047618816,"105587133"
1805,892,21047481212,"105587133"
1806,892,21045426015,"105587133"
1807,892,21047444557,"105587133"
1808,892,21045409185,"105587133"
1809,892,21045240206,"105587133"
1810,892,21044107868,"105587133"
1811,892,21045152313,"105587133"
1812,892,21045207952,"105587133"
1813,892,21047489927,"105587133"
1814,892,21047472972,"105587133"
1815,892,21044024585,"105587133"
1816,892,21047494065,"105587133"
1817,892,21045490299,"105587133"
1818,892,21045482149,"105587133"
1819,892,21045143943,"105587133"
1820,892,35140894366,
1821,892,21045207949,"105587133"
1822,892,35135001634,
1823,1068,22637433699,"2097217829"
1824,1068,22033538231,"2097217829"
1825,1068,22637433107,"2097217829"
1826,892,21047436359,"105587133"
1827,892,21047416577,"105587133"
1828,892,21045263969,"105587133"
1829,892,21044047250,"105587133"
1830,892,21045413739,"105587133"
1831,892,21045351270,"2030543713"
1832,892,21047444551,"105587133"
1833,892,35136084055,
1834,892,35139151714,
1835,892,18604843302,"48930014"
1836,892,18604501763,"105587133"
1837,892,18604144645,"105587133"
1838,892,18604843296,"48930014"
1839,892,35137603184,
1840,892,18604494708,"105587133"
1841,892,35132678841,
1842,892,21111909980,"105587133"
1843,892,21111763054,"105587133"
1844,892,21111901202,"105587133"
1845,892,35147579771,
1846,892,21111041447,"105587133"
1847,1069,14915411089,"410741428"
1848,1070,21905768451,"542619005"
1849,1071,22146792789,"1080712470"
1850,964,22165865343,"2030543713"
1851,1074,19544082493,"2030543713"
1852,892,20865854099,"2030543713"
1853,1075,22065891476,"2030543713"
1854,892,35136395578,
1855,892,35138067024,
1856,773,20317690150,"2030543713"
1857,1078,20461972556,"1733731858"
1858,1078,35128330760,
1859,1078,28643638169,"1733731858"
1860,1079,22011856289,"1733731858"
1861,1079,22011856289,"1733731858"
1862,1080,20227973501,
1863,1081,20177781087,"105587133"
1864,1082,19543935375,"2030543713"
1865,1083,,
1866,1084,16677151663,"542619254"
1867,949,16065485689,"80289909"
1868,1087,35039908159,"238285928"
1869,1088,15580196238,"410741428"
1870,983,20462018449,"1733731858"
1871,983,20827268137,"1733731858"
1872,983,20828625499,"1733731858"
1873,1089,18937913253,"1537675450"
1874,1090,22293226565,"1733731858"
1875,1091,16080803994,"542619254"
1876,1092,17799731102,"238285928"
1877,1093,19036716705,"410741426"
1878,983,35134536301,"274024057"
1879,1094,22270953627,"1080712470"
1880,519,39895847772,
1881,1051,22331073617,"350279591"
1882,1051,22331063687,"350279591"
1883,1051,22331033750,"350279591"
1884,1051,20461685624,
1885,1051,22331010078,"350279591"
1886,1051,22331007842,"350279591"
1887,1051,22331107450,"350279591"
1888,1051,22329042758,"350279591"
1889,1051,22331007844,"350279591"
1890,1051,22330994452,"350279591"
1891,1051,22331089992,"350279591"
1892,1051,22331111295,"350279591"
1893,1051,22328864917,"350279591"
1894,1051,22330986093,"350279591"
1895,1051,22331029776,"350279591"
1896,1051,22331045479,"350279591"
1897,1051,22331011760,"350279591"
1898,1051,22331055265,"350279591"
1899,1051,22330992229,"350279591"
1900,1051,22331043399,"350279591"
1901,1051,22331017817,"350279591"
1902,1051,22331043400,"350279591"
1903,1051,22330994453,"350279591"
1904,1051,22331094114,"350279591"
1905,1051,22330992227,"350279591"
1906,1051,20227841543,
1907,1051,22331088270,"350279591"
1908,1051,22331003949,"350279591"
1909,1051,22331069739,"350279591"
1910,1051,22331017815,"350279591"
1911,1051,22331057731,"350279591"
1912,1051,22330994457,"350279591"
1913,1051,22329042757,"350279591"
1914,1051,22331088269,"350279591"
1915,1051,22331075657,"350279591"
1916,1051,22331095982,"350279591"
1917,1051,22328830868,"350279591"
1918,1051,22331100733,"350279591"
1919,1051,22331065946,"350279591"
1920,1051,22331228228,"350279591"
1921,1051,22328852838,"350279591"
1922,1051,20227816868,
1923,1051,22330986092,"350279591"
1924,1051,22331016038,"350279591"
1925,1051,16234167323,"350279591"
1926,1051,22331019866,"350279591"
1927,1051,22331037621,"350279591"
1928,1051,22331144263,"350279591"
1929,1051,22331105333,"350279591"
1930,1051,22328858914,"350279591"
1931,1051,22331013760,"350279591"
1932,1051,22331095981,"350279591"
1933,1051,22331085996,"350279591"
1934,1051,22329042755,"350279591"
1935,1051,22331023942,"350279591"
1936,1051,22329049190,"350279591"
1937,1051,22331144262,"350279591"
1938,1051,22328858911,"350279591"
1939,1051,20828875960,
1940,1051,22328832795,"350279591"
1941,1051,22331043398,"350279591"
1942,1051,22328829187,"350279591"
1943,1051,22331029779,"350279591"
1944,1051,22331073616,"350279591"
1945,1051,22331080000,"350279591"
1946,1051,22331228227,"350279591"
1947,1051,22331035459,"350279591"
1948,1051,22331073615,"350279591"
1949,1051,22331017812,"350279591"
1950,1051,22328858913,"350279591"
1951,1051,22331069740,"350279591"
1952,1051,20227816989,
1953,1051,22331002006,"350279591"
1954,1051,22328852837,"350279591"
1955,1051,22328864916,"350279591"
1956,1051,22331010077,"350279591"
1957,1051,22330994454,"350279591"
1958,1051,18604452518,"48930014"
1959,1051,22331312646,"350279591"
1960,1051,22331107451,"350279591"
1961,1051,22331035458,"350279591"
1962,1051,22331144260,"350279591"
1963,1051,22331017816,"350279591"
1964,1051,22328844465,"350279591"
1965,1051,22331057730,"350279591"
1966,1051,22331102589,"350279591"
1967,1051,22331092147,"350279591"
1968,1051,22331095987,"350279591"
1969,1051,22328844463,"350279591"
1970,1051,22331095985,"350279591"
1971,1051,22331031706,"350279591"
1972,1051,22328829190,"350279591"
1973,1051,22331037620,"350279591"
1974,1051,22328852836,"350279591"
1975,1051,22331098794,"350279591"
1976,1051,22328830867,"350279591"
1977,1051,22331061668,"350279591"
1978,1051,22331011759,"350279591"
1979,1051,22329042762,"350279591"
1980,1051,22328832793,"350279591"
1981,426,22972549989,"410741426"
1982,426,22972549900,"410741426"
1983,1095,22331613280,"1537675450"
1984,1096,16677151655,"78617315"
1985,1097,14915437183,
1986,872,26169296648,"2030543713"
1987,1098,14915454119,"410741428"
1988,1099,16080901002,"78617315"
1989,2,,
1990,2,,
1991,2,,
1992,1101,22189720161,"80289909"
1993,1102,14915406904,"78617315"
1994,1103,18430941269,"2097217829"
1995,1103,23109792534,"2097217829"
1996,1104,14915432597,"410741428"
1997,1105,22371160167,"410741428"
1998,1106,,
1999,1107,16677140811,"410741428"
2000,773,18604416687,"105587133"
2001,1108,22312522325,"542619005"
2002,1109,14915445783,"542619254"
2003,1110,22413512720,"1537675450"
2004,1111,21978634157,"2030543713"
2005,1111,26114836613,"2030543713"
2006,872,35139614593,
2007,1112,15580186962,"78617315"
2008,1103,23109342061,"2097217829"
2009,1113,17799769999,"238285928"
2010,1114,14915488287,
2011,1115,22530214456,
2012,110,14915398176,"410741428"
2013,1116,18429222831,"1419796087"
2014,1117,22660305691,"1080712470"
2015,1118,22616418664,"1733731858"
2016,1119,22645276057,"1537675450"
2017,1120,15580133715,
2018,1121,22660119961,"1733731858"
2019,1122,22694391188,"1537675450"
2020,991,23295857707,"1537675450"
2021,1123,21045178224,
2022,1124,17493067581,"542619005"
2023,1125,14915467155,"542619005"
2024,1126,22752090657,"1537675450"
2025,1127,14915388459,"512816524"
2026,1127,23227058820,"512816524"
2027,1128,14915513904,"410741428"
2028,1129,20742263971,"238285323"
2029,1130,22812274575,"1537675450"
2030,1131,16080788068,
2031,1132,22866673232,"2097217829"
2032,1133,16677388086,"78617315"
2033,1134,22865399594,"1537675450"
2034,83,14915472386,"410741428"
2035,1128,22746844163,"410741428"
2036,1135,15580174932,"80289909"
2037,1137,22971398279,"234179475"
2038,1138,22947049084,"238285928"
2039,1139,16676445804,
2040,1140,20828756520,
2041,161,14915415212,"410741428"
2042,161,14915392795,"410741428"
2043,161,15550424068,"410741428"
2044,161,22971408280,"410741428"
2045,1143,22888234830,
2046,1144,,
2047,872,35140585618,
2048,1145,16677153460,"80289909"
2049,1146,22976535853,"1537675450"
2050,1147,16080934177,"238285928"
2051,1149,14915458677,"80289909"
2052,1166,23090044473,"2097217829"
2053,1167,18430330185,
2054,1168,23009793631,"713832834"
2055,1169,22853753481,"2030543713"
2056,1170,23082229857,"584157812"
2057,1172,14915406891,
2058,1173,18429233824,
2059,1174,23079538300,"542619005"
2060,1175,16677383476,"542619254"
2061,1176,16677379715,"238285928"
2062,1171,15580162570,"542619254"
2063,1177,23139785003,"1419796087"
2064,1177,23142959693,"1419796087"
2065,1178,15580253876,
2066,1180,23104324704,"512816524"
2067,947,23456337966,"1733731858"
2068,1181,23144607821,"2097217829"
2069,1182,23159978136,
2070,1183,18192481877,"1080712470"
2071,1184,23169012800,"1080712470"
2072,1185,16080936624,"78617315"
2073,1186,16677138709,"80289909"
2074,1187,23227077993,"1733731858"
2075,1188,23141291385,"1537675450"
2076,1187,23233393450,"1733731858"
2077,400,16677143409,"80289909"
2078,1189,23209291407,"1537675450"
2079,1190,23227081502,"1733731858"
2080,1191,14915392838,"238285928"
2081,1192,23241629276,"2097217829"
2082,1193,18192361552,"2097217829"
2083,1194,23209291426,"1537675450"
2084,1195,16677182014,"542619254"
2085,1197,23298942889,"2097217829"
2086,1198,22878021509,
2087,1199,25554769056,"1419796087"
2088,1200,23295847213,"2097217829"
2089,1199,25558935654,"1419796087"
2090,1199,21634604659,"1419796087"
2091,1201,23477669783,"2097217829"
2092,1202,23333681314,"1733731858"
2093,1203,16677132954,"512816524"
2094,1204,14915373466,"542619254"
2095,1203,16677182040,"512816524"
2096,1206,23402147888,"1733731858"
2097,1206,23651635875,"1733731858"
2098,1207,23366938517,
2099,1208,17799828623,"542619254"
2100,1209,14915392926,"542619254"
2101,1210,28642845041,"1537675450"
2102,1211,16676445869,"542619254"
2103,1212,20227835768,"1733731858"
2104,1212,35134536300,
2105,1213,16677379704,"542619005"
2106,1209,14915373579,"542619254"
2107,1209,14915467154,"80289909"
2108,1209,14915402764,"542619254"
2109,1209,17511562828,"80289909"
2110,1214,23168992514,"1537675450"
2111,1215,,
2112,1216,22751063909,"1537675450"
2113,1217,15580191234,"542619254"
2114,1218,23114042922,"1080712470"
2115,1219,16677198764,"542619254"
2116,1220,16677135916,"238285928"
2117,1221,23589713578,"1537675450"
2118,1222,22971401388,
2119,1223,23651628635,"1733731858"
2120,1224,23651621942,"2097217829"
2121,1225,18604086795,"2030543713"
2122,1226,23666610553,"1537675450"
2123,1227,23733713246,"1419796087"
2124,1228,23751919925,"2097217829"
2125,318,22486512442,"410741428"
2126,318,16080968032,"410741428"
2127,318,22487767305,"410741428"
2128,318,16080881821,"410741428"
2129,1229,16677138700,"512816524"
2130,1230,23761010272,"2097217829"
2131,1231,23776158512,"1080712470"
2132,161,15566193473,"410741428"
2133,1232,16677178394,
2134,1234,23825619364,"2097217829"
2135,1235,23935034231,"2097217829"
2136,1235,23904945027,"2097217829"
2137,1236,23599358002,"2030543713"
2138,1237,23957143639,"1537675450"
2139,1237,20461852082,"1537675450"
2140,1238,18435920301,"78617315"
2141,2,,
2142,1240,22914882330,"1537675450"
2143,1241,18604100610,"2030543713"
2144,1242,15580108944,"542619254"
2145,1243,23903935025,"1080712470"
2146,1244,16677390720,"80289909"
2147,1245,23920194600,"1537675450"
2148,1246,22812271426,"2030543713"
2149,1247,16677146497,"238285928"
2150,1248,28643642760,"1080712470"
2151,1249,23622104889,"2030543713"
2152,110,25059410762,"410741428"
2153,1250,16677393533,"542619005"
2154,885,25222238389,"1419796087"
2155,1251,25069877931,"1080712470"
2156,1252,23897815183,"1080712470"
2157,161,25113494070,"410741428"
2158,161,14915472494,"410741428"
2159,161,14915480346,"410741428"
2160,161,14915472470,"410741428"
2161,161,14915476632,"410741428"
2162,1253,16677166595,"238285928"
2163,930,25288102725,"542619254"
2164,1254,25010120339,"1080712470"
2165,930,25246335018,"542619254"
2166,930,25288102536,"542619254"
2167,930,25246335253,"542619254"
2168,1255,23830829473,"1080712470"
2169,1256,23956089418,"1733731858"
2170,161,25194766737,"410741428"
2171,161,14915411117,"410741428"
2172,161,14915480450,"410741428"
2173,161,,
2174,1257,25193383949,"584157812"
2175,1258,23955642626,"2097217829"
2176,1259,25086865268,"1419796087"
2177,1260,22376678790,"2030543713"
2178,1261,18466937879,"78617315"
2179,1262,25468872314,"1080712470"
2180,1262,25465376162,"1080712470"
2181,1262,25468872630,"1080712470"
2182,1263,35039919636,
2183,1264,23689124870,"2097217829"
2184,1265,23363906839,"2097217829"
2185,1266,25018509579,"1080712470"
2186,1267,10220352615,"542619254"
2187,1268,25338833257,
2188,1269,,
2189,1270,25384043043,"542619254"
2190,1103,25683223643,"2097217829"
2191,1271,25288122226,"1080712470"
2192,1271,35133762222,
2193,1272,14915424034,"542619254"
2194,1273,25683223320,"542619254"
2195,1273,25468857169,"542619254"
2196,1273,25580028468,"542619254"
2197,1274,16677192770,"512816524"
2198,818,,
2199,818,23109341748,"2097217829"
2200,1276,14915419728,"78617315"
2201,1277,14915500902,"80289909"
2202,1278,25519868531,"1080712470"
2203,1278,25517921975,"1080712470"
2204,1278,25519871015,"1080712470"
2205,1279,25519647236,"1537675450"
2206,1280,14915398239,"542619254"
2207,1281,25519647031,"1080712470"
2208,1281,23931705632,"1080712470"
2209,1282,16080788078,"542619254"
2210,1283,25455745859,"410741428"
2211,1284,14915402586,"542619005"
2212,1285,35136674483,
2213,1285,22659700399,"1537675450"
2214,49,26525785609,"542619254"
2215,1286,25626145335,"238285928"
2216,1286,35138998357,"238285928"
2217,1286,35135001633,"238285928"
2218,1287,15580116824,
2219,50,35042134820,"238285928"
2220,1290,18937535768,"234682663"
2221,514,35139924780,
2222,514,35147579770,
2223,1291,18687004162,"1080712470"
2224,318,16080846992,"410741428"
2225,318,22487795269,"410741428"
2226,318,16080828856,"410741428"
2227,318,16080783232,"410741428"
2228,318,22486407224,"410741428"
2229,318,22486527504,"410741428"
2230,318,22486553523,"410741428"
2231,318,22486688045,"410741428"
2232,318,22486539690,"410741428"
2233,318,22487829520,"410741428"
2234,318,16080881825,"410741428"
2235,1292,20416371548,"1080712470"
2236,1293,,
2237,1293,25816063146,"1537675450"
2238,1294,25813751645,"1080712470"
2239,1295,23962851204,"1537675450"
2240,634,25900300924,"1537675450"
2241,634,25900301236,"1537675450"
2242,1296,19544195373,"2030543713"
2243,634,25900300970,"1537675450"
2244,1297,26134157870,
2245,1297,26129427812,
2246,1297,26132587443,
2247,1297,26133691530,
2248,1297,26126763938,
2249,1297,26128652816,
2250,1297,26136930231,
2251,1297,26135983274,
2252,1297,26128001143,
2253,1298,26124120492,"2030543713"
2254,1299,21964197429,"1080712470"
2255,1300,16677116601,"410741428"
2256,1301,15580145062,"78617315"
2257,1274,26215875160,"512816524"
2258,1274,16677132950,"512816524"
2259,1274,16677138579,"512816524"
2260,1274,16677158675,"512816524"
2261,1274,23830863223,"512816524"
2262,1302,21808908418,"1537675450"
2263,1304,22987051273,"1080712470"
2264,1306,27252648722,"542619254"
2265,1305,26354741635,"2030543713"
2266,1307,16677176070,"80289909"
2267,318,27252646547,"410741428"
2268,1308,17799803188,"542619254"
2269,885,26512017735,"1419796087"
2270,1203,16677140770,"512816524"
2271,1310,26512015749,"2030543713"
2272,1311,26525766668,"1537675450"
2273,1312,22062948103,"2097217829"
2274,1313,26537143069,"1419796087"
2275,1314,18805589323,"1080712470"
2276,1315,26529888166,"1537675450"
2277,1316,26631678492,"1733731858"
2278,1317,26631691341,"1733731858"
2279,1293,27252647527,"1537675450"
2280,1293,27252647998,"1537675450"
2281,1319,16677156742,"542619005"
2282,1320,25813757764,"1080712470"
2283,1322,27252651525,"1733731858"
2284,1322,26828535423,"1733731858"
2285,1323,14915392860,"238285928"
2286,1325,26932645640,"410741428"
2287,1327,18110653583,"542619254"
2288,1328,27106678079,"2030543713"
2289,1329,27106692390,"1080712470"
2290,1330,18447531188,
2291,1331,16677156779,"542619254"
2292,1332,27377488809,"2030543713"
2293,1333,19544039850,"238285323"
2294,1334,16677390725,"512816524"
2295,1293,27474202287,"1537675450"
2296,1293,27474202433,"1537675450"
2297,1293,27470905374,"1537675450"
2298,1335,27509057388,"1080712470"
2299,164,27710673981,"512816524"
2300,164,26884682608,"512816524"
2301,84,14915500829,"410741428"
2302,1337,25069879629,"2030543713"
2303,1338,16677399701,"78617315"
2304,1313,27795563610,"1419796087"
2305,1313,27796315448,"1419796087"
2306,1313,27796315924,"1419796087"
2307,1313,27795564549,"1419796087"
2308,1339,27667489961,"1419796087"
2309,1340,27806983250,"542619005"
2310,1338,27862272018,"78617315"
2311,1340,31012479109,"542619005"
2312,1341,27716770722,"1537675450"
2313,1342,27710673052,
2314,1343,28271096743,"2097217829"
2315,1344,28260779950,"1733731858"
2316,1345,28274363034,"1419796087"
2317,1346,28300857230,"1733731858"
2318,1347,28556337071,"1080712470"
2319,1348,15580221785,"80289909"
2320,1349,28643465891,"2097217829"
2321,1351,28669777926,"2097217829"
2322,1352,27710674239,"1537675450"
2323,1353,28506392135,"1537675450"
2324,1354,28651007094,"1537675450"
2325,50,28840777840,"238285928"
2326,1356,26135462814,"1419796087"
2327,1229,28879153709,"512816524"
2328,1359,28840776751,"1080712470"
2329,65,28879794278,"512816524"
2330,1357,28806465601,"1733731858"
2331,1370,20828676643,"1733731858"
2332,1371,26127076171,"1733731858"
2333,1372,29338868659,"238285323"
2334,1374,29201855522,"1080712470"
2335,1370,29341383219,"1733731858"
2336,1370,19007616582,"1733731858"
2337,1375,22065895797,"350279591"
2338,1376,29372364397,"1537675450"
2339,1376,26429527984,"1537675450"
2340,1377,29280865863,"1537675450"
2341,1378,21047444563,"2030543713"
2342,1379,29263947328,"2030543713"
2343,1380,30554995200,"713832834"
2344,1381,29340940826,"1733731858"
2345,1382,29335717548,"1733731858"
2346,1384,29570908940,"1733731858"
2347,1385,14915500904,"238285928"
2348,1387,29576331322,"1733731858"
2349,1388,29653767858,"1537675450"
2350,1389,14915411249,"542619254"
2351,1390,29954727253,"512816524"
2352,1391,20829009449,"1733731858"
2353,1392,29671577100,"1733731858"
2354,164,29954726765,"512816524"
2355,1393,18429189025,
2356,2,29701483360,
2357,2,29701616945,
2358,2,29701863028,
2359,2,29701483840,
2360,1248,30145568592,"1080712470"
2361,1394,29632673549,"542619254"
2362,1395,29573523974,"1537675450"
2363,1396,29864909068,"1080712470"
2364,1397,29864917176,"1419796087"
2365,1398,29998987654,"1733731858"
2366,318,22486603115,"410741428"
2367,318,22487807564,"410741428"
2368,318,29898625558,"410741428"
2369,1399,14915488271,"542619005"
2370,1400,14915432595,"238285928"
2371,1402,29954699689,"1537675450"
2372,1403,,
2373,1404,,
2374,1405,,
2375,1406,,
2376,1407,29906568315,
2377,1408,29918396957,"1537675450"
2378,1409,29939887014,"350279591"
2379,1410,22936358424,"2097217829"
2380,1411,29960869503,
2381,1412,30133316489,"1080712470"
2382,1413,22187980119,"1537675450"
2383,1414,20828676678,"1733731858"
2384,226,30104939782,"512816524"
2385,226,30129166082,"512816524"
2386,226,30104939581,"512816524"
2387,1415,30095100314,"1733731858"
2388,1401,29802777883,"1080712470"
2389,1416,30093723491,"1537675450"
2390,1377,30365683519,"1537675450"
2391,1417,19792977192,"1080712470"
2392,1418,30247829901,"1080712470"
2393,1419,21045388446,"2030543713"
2394,1420,30283212117,"1733731858"
2395,1421,30095855013,"1080712470"
2396,1422,,
2397,1423,,
2398,1424,,
2399,1425,,
2400,1426,21493761881,"2097217829"
2401,1427,30304605098,
2402,1428,30316424315,
2403,1377,30366073858,"1537675450"
2404,1377,30368326761,"1537675450"
2405,1377,30368512607,"1537675450"
2406,1377,30347415879,"1537675450"
2407,1377,30366708075,"1537675450"
2408,1377,30369107254,"1537675450"
2409,1377,30368331589,"1537675450"
2410,1429,18954283340,"2030543713"
2411,1430,30554994454,"1733731858"
2412,1430,31042614301,"1733731858"
2413,1389,14915500882,
2414,1389,14915415220,"542619254"
2415,1431,30365862536,
2416,1432,28810153819,"1537675450"
2417,1433,30378724189,"1080712470"
2418,1433,30378724398,"1080712470"
2419,1434,30482614099,"2030543713"
2420,1435,30453143080,
2421,1436,30453143694,
2422,1437,30476728394,
2423,1438,20828907959,"1733731858"
2424,1439,30481378111,
2425,1380,30554994751,"1733731858"
2426,1440,30497861738,
2427,1441,,
2428,1442,30485916934,
2429,1443,30537308718,
2430,1444,30539164782,
2431,1445,30551985491,
2432,1447,22751062925,"1537675450"
2433,1448,30661970443,"2030543713"
2434,1380,30645164710,"1733731858"
2435,1380,30645164186,"1733731858"
2436,1380,30644443264,"1733731858"
2437,1449,30484883512,"1537675450"
2438,1450,30680861535,
2439,1451,30681681269,"1537675450"
2440,1452,30715249272,
2441,1453,30733408570,
2442,1454,30722982483,
2443,1456,,
2444,1457,30759591538,
2445,1458,30899520334,"1080712470"
2446,1459,19543986047,"2030543713"
2447,1461,23209291911,"1537675450"
2448,1463,19542255978,"2030543713"
2449,1464,18430339162,
2450,1465,30975752632,"1733731858"
2451,1466,30991356309,"1537675450"
2452,1467,30662654117,"1733731858"
2453,1468,30975755064,"1733731858"
2454,1469,,
2455,1469,31042575969,
2456,318,31043784348,"410741428"
2457,318,31014887985,"410741428"
2458,318,31028971958,"410741428"
2459,318,31022580397,"410741428"
2460,318,31042964838,"410741428"
2461,318,31016383828,"410741428"
2462,318,31025830969,"410741428"
2463,318,31018549654,"410741428"
2464,1470,31042585692,"2030543713"
2465,318,31018239516,"410741428"
2466,318,31032825150,"410741428"
2467,318,31025830970,"410741428"
2468,318,31032674075,"410741428"
2469,318,31025212856,"410741428"
2470,318,31017464234,"410741428"
2471,318,31031437135,"410741428"
2472,318,31017464235,"410741428"
2473,318,31025830971,"410741428"
2474,318,31043119669,"410741428"
2475,318,31012583741,"410741428"
2476,318,31018083479,"410741428"
2477,318,31016691787,"410741428"
2478,318,31036302698,"410741428"
2479,318,31030056329,"410741428"
2480,1471,30684261508,"1733731858"
2481,1472,28185862196,"1733731858"
2482,1473,20461972576,"1733731858"
2483,1474,31049718097,"1733731858"
2484,1475,31042632221,"2097217829"
2485,1248,31043458873,"1080712470"
2486,1476,31050290087,"2030543713"
2487,1389,31457071204,"542619254"
2488,1477,31051023240,"1537675450"
2489,1478,31042632566,"1080712470"
2491,1469,31125961624,
2492,1469,31125966665,
2493,1479,31146594660,"2030543713"
2494,1480,31185006615,"2097217829"
2495,1481,30231941383,"1080712470"
2496,1482,30991813391,"584157812"
2497,1483,31252946205,"238285323"
2498,1484,18604501685,"2030543713"
2499,1485,31274697066,"1537675450"
2500,1485,31274697115,"1537675450"
2501,1485,31272347063,"1537675450"
2502,1486,31252124072,"542619254"
2503,1487,31295193232,"2030543713"
2504,1488,16677151811,
2505,1248,31415366949,"1080712470"
2506,1248,31415168366,"1080712470"
2507,1489,,
2508,1490,26986444928,"1419796087"
2509,1491,31500387233,"2030543713"
2510,1371,26133691530,"1733731858"
2511,1492,16677163793,"542619254"
2512,1248,31667537430,"1080712470"
2513,1248,31667537779,"1080712470"
2514,1248,31645285132,"1080712470"
2515,1248,31667538053,"1080712470"
2516,1493,31753282639,"1733731858"
2517,1494,31710788775,
2518,1495,31724515859,"1733731858"
2519,1496,20828660023,"1537675450"
2520,1497,31827655793,
2521,1498,29653297927,
2522,1499,16677192797,"78617315"
2523,1499,31833646667,"78617315"
2524,1499,31833646678,"78617315"
2525,1500,31883999327,"1733731858"
2526,1501,31851199387,"1537675450"
2527,1337,31898669119,"2030543713"
2528,1491,31899449446,"2030543713"
2529,1491,31888829856,"2030543713"
2530,1502,,
2531,1503,31904167333,
2532,1504,31886409805,"1080712470"
2533,1505,31925080427,"1080712470"
2534,1506,31918808922,
2535,1507,31936093736,
2536,1508,20808498598,"1080712470"
2537,1509,31921861499,
2538,1510,31956286114,
2539,1511,31961673845,"1733731858"
2540,1512,29641419624,
2541,1513,31928090288,
2542,1512,16677119504,"78617263"
2543,1514,31965808642,
2544,1512,31964569008,
2545,1515,31972414372,"80289909"
2546,1516,31972729470,"2030543713"
2547,1517,31957135454,"1537675450"
2548,1518,32006051356,"80051141"
2549,1519,32027296641,"1537675450"
2550,1248,32031529893,"1080712470"
2551,1520,32045660183,
2552,1521,20828676727,"1080712470"
2553,1522,32056360349,
2554,1512,16677198870,"78617263"
2555,1512,25288098103,"78617263"
2556,1512,16677388069,"78617263"
2557,1512,25246330143,"78617263"
2558,1512,25288097903,"78617263"
2559,1512,16677116702,"78617263"
2560,1512,25288098411,"78617263"
2561,1524,32039296905,"2030543713"
2562,885,32153951289,"1419796087"
2563,885,32157793404,"1419796087"
2564,1525,32141347730,"80051141"
2565,1526,32232802321,"1080712470"
2566,1527,32285470282,"80051141"
2567,1528,29358270720,"1080712470"
2568,1529,32318720116,"1080712470"
2569,318,22486767896,"410741428"
2570,318,22486767899,"410741428"
2571,1530,32380577913,"1537675450"
2572,1531,32424388411,"1733731858"
2573,1532,32424390431,"1080712470"
2574,1533,32382688692,"1080712470"
2575,1534,32698864937,"713832834"
2576,1535,32483681176,"1080712470"
2577,1536,32475021740,"1080712470"
2578,1537,32469210117,"1419796087"
2579,1538,32527027337,"1419796087"
2580,1539,18428419174,"1080712470"
2581,1540,32617429252,"2097217829"
2582,1541,32618220568,"1733731858"
2583,1542,32628817079,"80051141"
2584,1543,32727790665,"1733731858"
2585,1544,33489972900,
2586,1545,32728638015,"1733731858"
2587,1546,33489973678,"1080712470"
2588,1547,32777496687,
2589,1548,32721931046,
2590,1549,32734717460,
2591,1550,32796940932,
2592,1551,32795723337,"1419796087"
2593,1552,32865121633,"1080712470"
2594,1553,32865334942,"1733731858"
2595,1554,32891847004,"2097217829"
2596,1555,32895201380,"1733731858"
2597,1556,32924156560,
2598,1557,32932806779,"80051141"
2599,1558,16677388093,
2600,1559,32977897570,
2601,1560,33089255297,"1733731858"
2602,1561,33017877945,"1080712470"
2603,318,15726833070,"410741428"
2604,318,15726768208,"410741428"
2605,318,33226839651,"410741428"
2606,318,15726765464,"410741428"
2607,318,15580191238,"410741428"
2608,1562,20828660069,"1080712470"
2609,318,15580167297,"410741428"
2610,318,15580108922,"410741428"
2611,1563,33226475523,"2097217829"
2612,1564,33212688244,"2030543713"
2613,1565,33215158703,"1419796087"
2614,1566,33224328472,"80051141"
2615,1567,33228316582,"1537675450"
2616,1568,33208910672,
2617,1569,16677163823,"542619254"
2618,1570,33489974402,"1080712470"
2619,1571,33489974817,
2620,1572,33265230130,"2097217829"
2621,1573,33264458019,
2622,318,22486407226,"410741428"
2623,318,22487844951,"410741428"
2624,318,22486754820,"410741428"
2625,1574,20827216750,"1537675450"
2626,1575,33412893716,"1080712470"
2627,1576,33374777642,"1080712470"
2628,1577,31839154300,"80051141"
2629,1578,33454369806,"1419796087"
2630,1579,20999262008,"1080712470"
2631,1580,33459834128,"80051141"
2632,1581,33489958721,"1537675450"
2633,1582,33540349081,"1080712470"
2634,1583,33604453717,"238285323"
2635,1584,33649217873,"1080712470"
2636,1585,29641112443,"78617315"
2637,1585,33645995604,"78617315"
2638,1586,20227993621,"1733731858"
2639,1586,33677955177,"1733731858"
2640,1586,33677955641,"1733731858"
2641,1587,33686261592,"80051141"
2642,1588,16677390868,
2643,1589,33693422914,
2644,1591,33716826171,"77141413"
2645,318,16677143444,"410741428"
2646,318,16677190201,"410741428"
2647,318,22485596495,"410741428"
2648,318,22486533386,"410741428"
2649,318,16677198920,"410741428"
2650,318,22486539689,"410741428"
2651,318,22486767898,"410741428"
2652,318,22487818637,"410741428"
2653,318,22486688046,"410741428"
2654,318,33716827654,"410741428"
2655,1512,16677138594,"78617263"
2656,1593,33678405521,
2657,1594,33722369579,
2658,1596,20700054648,"1537675450"
2659,1371,33749024049,"1733731858"
2660,1579,33768665989,"1080712470"
2661,1597,33768665454,"80051141"
2662,1598,33793903960,"1080712470"
2663,1371,26129427812,"1733731858"
2664,1447,33794281370,"1537675450"
2665,1447,33779287594,"1537675450"
2666,1447,33816395916,"1537675450"
2667,1447,33816396042,"1537675450"
2668,1447,33787103816,"1537675450"
2669,1599,33792555282,"1537675450"
2670,1600,33840661095,"1537675450"
2671,1601,33796575881,
2672,1603,34069179735,
2673,1603,34077283954,
2674,1604,34111852112,"1080712470"
2675,1605,14915377705,"234179475"
2676,1606,34199395731,
2677,1607,33381140632,"1537675450"
2678,1608,34161016365,"1733731858"
2679,1608,34273835903,"1733731858"
2680,1609,34322285089,"2030543713"
2681,1476,34372671876,"2030543713"
2682,1610,34368304202,"1080712470"
2683,1613,34495656218,"1537675450"
2684,1614,34504193607,"80051141"
2685,1615,34500904711,"1733731858"
2686,1616,34521437707,
2687,1617,34511497768,"1419796087"
2688,1618,34515574786,"1080712470"
2689,1619,33489973282,"1080712470"
2690,1620,34520158298,"80051141"
2691,1206,34626857510,
2692,1621,34611638441,"80051141"
2693,1371,26127385669,"584157812"
2694,1622,34160978442,"80051141"
2695,1623,34668419868,"1733731858"
2696,1624,34736652306,"80051141"
2697,1625,34730221427,"2097217829"
2698,1626,34743093580,"1080712470"
2699,1371,34704978487,"584157812"
2700,1611,34467638129,"2030543713"
2701,1628,34755389221,"1537675450"
2702,1629,14915496557,
2703,1630,14915476595,"542619254"
2704,1631,34778207916,
2705,1632,34819293975,"1080712470"
2706,1633,34825330050,"1080712470"
2707,1634,34810362889,"1419796087"
2708,1635,34880679082,"1733731858"
2709,1636,34875505282,"1537675450"
2710,1637,34879092256,"1537675450"
2711,1638,34900090209,
2712,1248,34938633322,"1080712470"
2713,1248,34938633543,"1080712470"
2714,1248,34940836528,"1080712470"
2715,1248,34940836783,"1080712470"
2716,1248,34938851081,"1080712470"
2717,1639,34966345845,"1080712470"
2718,1516,34939687711,"2030543713"
2719,1640,34976727157,"80051141"
2720,1641,34995519777,"2097217829"
2721,1642,,
2722,1643,,
2723,1644,35015514217,
2724,1645,34668506770,"1537675450"
2725,1646,35011171755,
2726,1647,35016455532,"1537675450"
2727,1648,35018535716,"80051141"
2728,1649,35043601943,
2729,1650,35086038898,"1537675450"
2730,1651,34816986997,"1080712470"
2731,1429,35141266057,"2030543713"
2732,1429,35128117000,"2030543713"
2733,1429,35128117071,"2030543713"
2734,1652,16677151673,"238285928"
2735,1653,35160379559,"80051141"
2736,1654,35189125729,"238285323"
2737,1656,35239343150,"1080712470"
2738,1657,35271778379,"1733731858"
2739,1658,35267400261,"1080712470"
2740,1659,35271796657,"1537675450"
2741,1660,35242988131,"1733731858"
2742,1661,35312366595,"2097217829"
2743,1662,35325933388,"1537675450"
2744,1663,35353188615,"80051141"
2745,1664,35371995214,"1537675450"
2746,1665,35368953710,"1080712470"
2747,1666,35406387228,"80051141"
2748,1390,35407937842,"512816524"
2749,1667,35396385308,"1080712470"
2750,1668,35403333010,"2030543713"
2751,1669,35416608118,"1080712470"
2752,1670,35420645263,
2753,1671,35425891913,
2754,1672,35432480344,"77141413"
2755,1673,35435000908,"1080712470"
2756,1674,35454018871,"1733731858"
2757,1675,35455162150,"1733731858"
2758,1676,35455162796,"1733731858"
2759,1677,35455957537,"1419796087"
2760,1678,35447441458,"1537675450"
2761,1679,35471324755,"2097217829"
2762,1680,35493135708,"1733731858"
2763,1640,35492245676,"80051141"
2764,1640,35495523499,"80051141"
2765,1640,35495523609,"80051141"
2766,1640,35492246186,"80051141"
2767,1640,35492246288,"80051141"
2768,1681,35593428226,"1537675450"
2769,1682,14915384438,
2770,1683,34660170418,"1733731858"
2771,1684,35396441882,"2030543713"
2772,1685,35628409977,"1537675450"
2773,1686,35619994624,"2097217829"
2774,1687,35606126339,"542619254"
2775,1688,35655591185,"542619254"
2776,1689,29642660754,"542619254"
2777,1690,35666056767,
2778,1691,35644149853,"1733731858"
2779,1692,35657137713,"1733731858"
2780,1693,33604405537,"1080712470"
2781,1694,35705866330,"1537675450"
2782,1306,35718264944,"542619254"
2783,1695,35703736373,"1537675450"
2784,1306,35757720663,"542619254"
2785,1696,35738193555,"1080712470"
2786,1697,35704098702,"1733731858"
2787,1698,35786522787,"1733731858"
2788,1699,35810065976,"1733731858"
2789,1700,35797221639,"1733731858"
2790,1745,,
2791,1752,35845774166,"1733731858"
2792,1753,34524414550,"1080712470"
2793,1754,35875268229,"1080712470"
2794,1755,35881382484,"1537675450"
2795,1756,35922375272,"1537675450"
2796,1757,14915415202,"542619254"
2797,1758,35991619197,"1537675450"
2798,1759,35989185809,"1733731858"
2799,1760,35987563900,"1537675450"
2800,2,36000626283,"77141413"
2801,1761,17896505426,"80289909"
2802,1763,36065469274,"1080712470"
2803,1764,36105387414,"80051141"
2804,1765,36162097792,"80051141"
2805,1766,35834553176,"238285928"
2806,1767,36257985905,"1419796087"
2807,1768,36247694121,"1733731858"
2808,1769,36270579795,"80051141"
2809,1770,36318198824,"1080712470"
2810,1771,36319548045,"80051141"
2811,1772,36383951139,"1733731858"
2812,1773,36449407819,"1733731858"
2813,1774,36473250845,"2030543713"
2814,1775,36481908557,"1419796087"
2815,1776,36493131118,"1733731858"
2816,1777,36449049621,"1419796087"
2817,1778,36500281662,"1419796087"
2818,1779,36547309685,"1419796087"
2819,1780,36587212303,"1080712470"
2820,592,36626232688,"713832834"
2821,1781,36620368475,"2097217829"
2822,1782,36652033914,"1733731858"
2823,1783,36660134244,"2097217829"
2824,1784,36665337011,"1080712470"
2825,1785,36720033025,"802987634"
2840,1787,36350860871,"80051141"
2841,1788,36773682860,"1537675450"
2842,1789,36771092356,"802987634"
2843,1790,36775188800,"1733731858"
2844,1792,36727824142,"1537675450"
2845,1793,36914647388,"80051141"
2846,1794,36953985679,"1733731858"
2847,1752,36964777083,"1733731858"
2848,1752,36959704233,"1733731858"
2849,1795,36949196295,"1537675450"
2850,1796,36955059606,"1080712470"
2851,1797,36901788970,"1733731858"
2852,1798,36914639503,"1733731858"
2853,1799,36993166181,"2097217829"
2854,1800,37014136646,"1537675450"
2855,1801,37031364447,
2856,1802,20227922496,"1733731858"
2857,1803,35056290112,"1080712470"
2858,1804,37064778025,"80051141"
2859,1805,35363073098,"80051141"
2860,1806,37088788353,"80051141"
2861,1807,37227618984,"1080712470"
2862,1808,37182963352,"713832834"
2863,318,22486700932,"410741428"
2864,318,22486838882,"410741428"
2865,318,16677393499,"410741428"
2866,318,16677399734,"410741428"
2867,318,16677379673,"410741428"
2868,318,22487753834,"410741428"
2869,318,22486678950,"410741428"
2870,318,22486761834,"410741428"
2871,318,22486610855,"410741428"
2872,318,22487780358,"410741428"
2873,318,37229413229,"410741428"
2874,318,37182968622,"410741428"
2875,318,37231671073,"410741428"
2876,318,37231671406,"410741428"
2877,318,37235864856,"410741428"
2878,318,37232488227,"410741428"
2879,1809,37249640006,"1537675450"
2880,1810,37329772060,"80051141"
2881,1757,37321361671,"542619254"
2882,1811,37325778092,
2883,1813,37384354407,"1080712470"
2884,1814,37330136343,
2885,1815,37410380582,"1537675450"
2886,1816,14915415219,"238285928"
2887,1818,37436841045,"1733731858"
2888,1819,37438904085,"2030543713"
2889,1820,37446832972,"80051141"
2890,1821,37456659242,"80051141"
2891,1822,37480505347,"1080712470"
2892,1823,37446278577,"80051141"
2893,1824,37445677568,"80051141"
2894,1825,37497237072,"2097217829"
2895,1826,37474554196,"1733731858"
2896,1827,37516985008,"2097217829"
2897,1828,37599530874,"80051141"
2898,1829,37600305754,"1537675450"
2899,1830,37648941841,"1080712470"
2900,1831,37672055446,"2030543713"
2901,1831,37564147258,"2030543713"
2902,1646,37564147841,"77141413"
2903,582,37746598209,"80051141"
2904,582,37746598247,"80051141"
2905,1832,37887799387,"1080712470"
2906,1833,37898487591,"80051141"
2907,1834,37821300303,"1080712470"
2908,1835,37887050135,"2097217829"
2909,1757,37948418888,"542619254"
2910,1836,37939748516,"2030543713"
2911,1371,37965285990,"1733731858"
2912,1837,30438798366,"1537675450"
2913,659,37965241980,"1419796087"
2914,1838,37976474707,"1733731858"
2915,1839,38104095347,"1537675450"
2916,1840,38147855182,
2917,1841,38104454006,"2030543713"
2918,1842,38116124854,"80051141"
2919,1843,35985919319,"80051141"
2920,1844,38224607495,"1080712470"
2921,1845,38263709535,"1080712470"
2922,1846,38254079928,"1080712470"
2923,1847,38339153928,"80051141"
2924,1848,38339773443,"1080712470"
2925,1849,38375029933,"1080712470"
2926,1851,37821333332,"238285928"
2927,1852,38442787894,"1733731858"
2928,1853,38482721147,"1537675450"
2929,1854,38499835735,"80051141"
2930,1855,38577540466,"80051141"
2931,1856,38578006604,"1733731858"
2932,1857,38579399989,"1733731858"
2933,1858,38629256961,"1537675450"
2934,1859,38610656052,"2030543713"
2935,1860,38582463065,"1419796087"
2936,1861,38656424723,"1080712470"
2937,1862,38666367917,"1419796087"
2938,1863,38736548730,
2939,1864,38817063728,"2030543713"
2940,1865,38798278061,
2941,1866,38793145435,
2942,1867,38840936515,"238285323"
2943,1868,38907010381,"1537675450"
2944,1869,38953815613,"1419796087"
2945,1870,38969235029,
2946,1871,38950602361,"1537675450"
2947,1377,38983042694,"1419796087"
2948,1872,38980883095,"1733731858"
2949,1873,38956530292,"1733731858"
2950,1874,38969479481,"80051141"
2951,1875,38983115325,"1080712470"
2952,1876,38979731010,"80051141"
2953,1875,38983514037,"1080712470"
2954,1875,39073189199,"1080712470"
2955,1875,39090473382,"1080712470"
2956,1877,14915377803,"80289909"
2957,1878,39096246705,"1080712470"
2958,1879,39112017969,"1080712470"
2959,1577,33123950890,"80051141"
2960,1881,16677190002,"238285928"
2961,1882,39159294730,"1733731858"
2962,1883,39193068181,"2097217829"
2963,1884,39194316809,"80051141"
2964,65,39188571937,"512816524"
2965,1885,39178322705,"1080712470"
2966,65,39191108184,"512816524"
2967,65,39177390000,"512816524"
2968,65,39182616193,"512816524"
2969,65,39207865959,"512816524"
2970,65,39189343673,"512816524"
2971,65,39207097651,"512816524"
2972,65,39179719192,"512816524"
2973,65,39195861798,"512816524"
2974,65,39193580684,"512816524"
2975,65,39206331527,"512816524"
2976,65,39169531469,"512816524"
2977,65,39213386118,"512816524"
2978,1886,39215365528,"80051141"
2979,1887,39187237973,"1537675450"
2980,1888,39220800846,"1080712470"
2981,1889,39236150454,"2030543713"
2982,1890,39239021320,"1537675450"
2983,1891,39219602087,"1080712470"
2984,1892,39282932353,"1080712470"
2985,1893,39270736163,"80051141"
2986,1894,39256506011,"238285928"
2987,1895,39275152941,"2097217829"
2988,1896,39276123448,"80051141"
2989,1897,39256498331,"1080712470"
2990,1897,39253198954,"1080712470"
2991,1897,39294897582,"1080712470"
2992,1898,20462025747,"1733731858"
2993,1899,14915458716,"238285928"
2994,1900,39368281245,"1733731858"
2995,1901,39369680158,"1537675450"
2996,1902,39073190414,"542619254"
2997,1248,39405263757,"1080712470"
2998,1248,39370790804,"1080712470"
2999,1248,39370790815,"1080712470"
3000,1248,39338363317,"1080712470"
3001,1248,39338351494,"1080712470"
3002,1248,39337851169,"1080712470"
3003,1248,39313704275,"1080712470"
3004,1248,39338227279,"1080712470"
3005,1248,39338165610,"1080712470"
3006,1248,39338287127,"1080712470"
3007,1903,39370811142,"1080712470"
3008,1903,39404645657,"1080712470"
3009,1904,38254184879,"1733731858"
3010,1905,39404661663,"238285323"
3011,1906,39337870711,"1733731858"
3012,1907,39425435258,"2030543713"
3013,1908,39421652612,"1419796087"
3014,1909,,
3015,1910,39435164257,"1419796087"
3016,1911,39419487833,"2030543713"
3017,1912,39453967254,"80051141"
3018,1913,39429337398,"80051141"
3019,1914,39446061906,"1733731858"
3020,1916,39430446896,"2030543713"
3021,318,39482345986,"512816524"
3022,1917,39520436796,"2030543713"
3023,1918,39544551851,"238285928"
3024,1919,39516089127,"1537675450"
3025,1920,39581146792,"2030543713"
3026,1921,39629871183,"1733731858"
3027,1904,39614773365,"1733731858"
3028,1922,39619645532,"1537675450"
3029,1923,39628592436,"1080712470"
3030,1924,39745358396,"1733731858"
3031,1925,39744319268,"80051141"
3032,1926,39714747215,"1419796087"
3033,1927,39751773984,
3034,1928,39741394342,
3035,1929,39726575623,"1733731858"
3036,1930,39821243959,
3037,1931,39879268984,
3038,1932,39836536706,"1733731858"
3039,1904,39900856667,"1733731858"
3040,1933,40105016892,"1080712470"
3041,1934,14915467113,"80289909"
3042,1935,40270488594,"1733731858"
3043,1936,40173697948,"80051141"
3044,1937,40340628086,"2030543713"
3045,1938,40290022701,"80051141"
3046,1939,40557291021,"1733731858"
3047,1940,40659645025,"1080712470"
3048,1941,40280903744,"238285928"
3049,1942,40699586883,
3050,1943,40703017900,
3051,1944,40789210189,"1419796087"
3052,1945,40839935143,
3053,1946,40886317984,"1733731858"
3054,1947,40703842978,"1537675450"
3055,1948,40992127409,
3056,1949,40981592390,"1419796087"
3057,1950,40991997057,
3058,1951,41061702045,"80051141"
3059,1952,41095496800,"80051141"
3060,1953,41095651467,"802987634"
3061,1955,41080764022,
3062,1956,41065925390,"542619254"
3063,1957,41128120962,"1537675450"
3064,1958,41066336363,"1080712470"
3065,1959,41286893842,
3066,1954,14915484423,"542619254"
3067,1960,41313343040,
3068,1961,41356737199,"1080712470"
3069,1962,41391704703,"1537675450"
3070,1963,41418206732,
3071,1958,41391397214,"1080712470"
3072,1956,41456511756,"542619254"
3073,1964,41495790390,
3074,1965,41395897646,"1733731858"
3075,1966,41412644790,
3076,1967,41409409073,"1419796087"
3077,1968,41509787484,"1733731858"
3078,1969,41511869097,"1537675450"
3079,1970,41552210238,"1537675450"
3080,1971,41596084804,"80051141"
3081,1972,41578378393,"1080712470"
3082,1973,41550136428,"1537675450"
3083,1974,41613306650,
3084,1975,41663241264,"713832834"
3085,1976,41654558596,
3086,1977,41660642138,
3087,1978,41632628501,
3088,1979,41673172811,"1419796087"
3089,1980,35239899433,"1080712470"
3090,1981,34544536323,"80051141"
3091,1982,41730570404,"1419796087"
3092,1983,41917899404,
3093,1984,41663673909,"1733731858"
3094,1985,20227866687,"80051141"
3095,1986,41666796957,"1733731858"
3096,1987,41944116600,"2097217829"
3097,1988,41666796894,
3098,1989,42125805696,"1733731858"
3099,1990,42183894169,"1537675450"
3100,1991,42179087653,
3101,1992,42179457127,
3102,1993,41596085416,
3103,1995,42308635151,
3104,1996,42423570689,
