vendor_id,point_of_sale_id,manufacturer_name,pos_name,potencial_total,valor_negocio,score,estrellas,ranking
1159,1679,Diefsa Distribuidora,Matriz,1167944.4224,583.9722112000001,1.0,5,1
1275,1673,Aurosant Productos Farmaceutico,Farmacia Zamora,593243.0737,296.62153685,0.9426186563273693,5,2
1275,1679,Aurosant Productos Farmaceutico,Matriz,592947.9038,296.4739519,0.9425764988212767,5,3
1358,1692,Dilopsan,Cedis,501788.01073937997,250.89400536968998,0.9284361995213771,5,4
1164,1679,Farmadepot,Matriz,399027.7,199.51385000000002,0.9090255098521655,5,5
1159,1673,Diefsa Distribuidora,Farmacia Zamora,378180.996,189.090498,0.9044802301760688,5,6
1159,1681,Diefsa Distribuidora,Arboledas,327916.7808,163.95839039999998,0.8923997078938837,5,7
1159,1682,Diefsa Distribuidora,Tecnológico,324419.3808,162.2096904,0.8914913975392338,5,8
1156,1101,Almacen de Drogas,Universidad,308466.27,154.233135,0.8872200165641372,5,9
1156,1616,Almacen de Drogas,Farmacia Nueva San Juan Santa María,274169.94,137.08497,0.877235927060207,5,10
1275,1682,Aurosant Productos Farmaceutico,Tecnológico,189017.04379999998,94.50852189999999,0.8457320474330176,4,11
1358,1659,Dilopsan,Medina Virtual,188153.60191425,94.076800957125,0.8453442094895323,4,12
1309,1692,Medicinas Rosario,Cedis,167412.76,83.70638000000001,0.8354506393542985,4,13
1156,1590,Almacen de Drogas,Farma Plus  Fresno,164619.3,82.30965,0.8340252734458411,4,14
1159,1311,Diefsa Distribuidora,Verdux Ciudad Lago,155146.7636,77.5733818,0.8290051490711644,4,15
1159,1101,Diefsa Distribuidora,Universidad,155054.184,77.52709200000001,0.8289545869240627,4,16
1156,1097,Almacen de Drogas,Club Campestre,148352.98,74.17649,0.825212181542511,4,17
1275,1680,Aurosant Productos Farmaceutico,Boulevard,147888.6638,73.94433190000001,0.8249466469331477,4,18
1164,1673,Farmadepot,Farmacia Zamora,136300.2,68.15010000000001,0.8180345074134032,4,19
1164,1311,Farmadepot,Verdux Ciudad Lago,129745.67,64.872835,0.8138598070602767,4,20
1275,1681,Aurosant Productos Farmaceutico,Arboledas,125738.68,62.869339999999994,0.8112025003463457,4,21
1156,1601,Almacen de Drogas,Farmacia Nueva San Juan,113798.45,56.899225,0.8027506540293091,4,22
1164,1682,Farmadepot,Tecnológico,94550.69,47.275345,0.787055011545362,4,23
1309,1265,Medicinas Rosario,Gendifar,92297.22,46.14861,0.785011701775715,4,24
1156,2658,Almacen de Drogas,FARMACIA CRISPINS,92031.27,46.015635,0.7847672701920787,4,25
1275,1610,Aurosant Productos Farmaceutico,CEDIS Monterrey Vitau,82331.9232,41.1659616,0.7753335027366656,4,26
1164,1680,Farmadepot,Boulevard,80299.39,40.149695,0.7732160958318691,4,27
1164,1720,Farmadepot,Matriz,79009.98,39.50499,0.771844875614453,4,28
1156,2660,Almacen de Drogas,Farmacia Guerrero Matriz,78990.8,39.495400000000004,0.7718243102081274,4,29
1164,1681,Farmadepot,Arboledas,72165.32,36.082660000000004,0.7641692201381006,4,30
1275,1311,Aurosant Productos Farmaceutico,Verdux Ciudad Lago,67768.152,33.884076,0.7588439585395882,4,31
1156,2340,Almacen de Drogas,Sucursal 2,64434.34,32.217169999999996,0.7545708953249778,4,32
1156,2237,Almacen de Drogas,MERCADO,59983.47,29.991735,0.7485078241916299,4,33
1159,1616,Diefsa Distribuidora,Farmacia Nueva San Juan Santa María,57631.0852,28.8155426,0.7451189975239814,4,34
1156,1102,Almacen de Drogas,Zákia,56351.04,28.175520000000002,0.7432163844046343,4,35
1164,1590,Farmadepot,Farma Plus  Fresno,55437.32,27.71866,0.7418316400829307,4,36
1156,1589,Almacen de Drogas,Farma Plus Avandaro,55401.15,27.700575,0.7417763558555709,4,37
1156,2664,Almacen de Drogas,Cosmo farmacias 9,54704.87,27.352435,0.740705029514856,4,38
1159,1590,Diefsa Distribuidora,Farma Plus  Fresno,54616.8716,27.308435799999998,0.740568661866012,4,39
1159,2658,Diefsa Distribuidora,FARMACIA CRISPINS,51574.0408,25.787020400000003,0.7357129612340995,4,40
1156,1501,Almacen de Drogas,Farmacia Medioax,51528.72,25.764360000000003,0.735638493289453,4,41
1309,2097,Medicinas Rosario,F. Iguales CEDIS,50568.91,25.284455000000005,0.7340458287760748,4,42
1156,2584,Almacen de Drogas,MM Pharma,48780.96,24.390479999999997,0.730996695659444,4,43
1275,1616,Aurosant Productos Farmaceutico,Farmacia Nueva San Juan Santa María,48396.3884,24.198194200000003,0.7303262625240293,4,44
1358,1616,Dilopsan,Farmacia Nueva San Juan Santa María,45259.48246649,22.629741233245,0.7246499104440064,4,45
1275,1720,Aurosant Productos Farmaceutico,Matriz,41624.7726,20.8123863,0.7175586880130208,4,46
1164,2658,Farmadepot,FARMACIA CRISPINS,39931.94,19.965970000000002,0.7140418343916386,4,47
1358,2237,Dilopsan,MERCADO,39915.63399402,19.95781699701,0.7140072386187587,4,48
1275,1692,Aurosant Productos Farmaceutico,Cedis,39484.5,19.74225,0.7130873561610852,4,49
1164,1101,Farmadepot,Universidad,39169.86,19.58493,0.7124096674087882,4,50
1358,1238,Dilopsan,Farmacia San Angel Hidalgo,37284.33584568,18.64216792284,0.708230834246177,4,51
1309,1788,Medicinas Rosario,SOMA FIRST,37187.17,18.593584999999997,0.7080098001180621,4,52
1164,1616,Farmadepot,Farmacia Nueva San Juan Santa María,36432.4,18.2162,0.7062729118259347,4,53
1159,1097,Diefsa Distribuidora,Club Campestre,35908.217599999996,17.9541088,0.705045351836067,4,54
1156,1098,Almacen de Drogas,Tezal,35571.14,17.78557,0.7042464616540233,4,55
1156,2360,Almacen de Drogas,Casa Aleman,34848.22,17.424110000000002,0.7025072690949434,4,56
1358,1720,Dilopsan,Matriz,34016.35393011,17.008176965055004,0.7004607662216137,4,57
1156,1527,Almacen de Drogas,Farmacia New Pharma Multiservicio,34007.83,17.003915000000003,0.7004395381804871,4,58
1161,1679,Jeshua Medic,Matriz,33258.6299,16.62931495,0.6985526320215338,4,59
1156,1491,Almacen de Drogas,Farmacia Los Precios Bajos,33056.11,16.528055,0.698035273384641,4,60
1159,1588,Diefsa Distribuidora,Farma Plus Fontanas,31687.3372,15.8436686,0.694453217637737,4,61
1164,1588,Farmadepot,Farma Plus Fontanas,31536.87,15.768435,0.6940500453188244,4,62
1358,2279,Dilopsan,ALTAMIRANO,30757.74457255,15.378872286275,0.6919311448918269,4,63
1164,1114,Farmadepot,Farmacia Jana,29159.65,14.579825000000001,0.6874117272182071,4,64
1164,2340,Farmadepot,Sucursal 2,29099.35,14.549675,0.6872363861938529,4,65
1358,2138,Dilopsan,Farmacia 01 Banco,28944.78977097,14.472394885485,0.6867852897666896,4,66
1164,2237,Farmadepot,MERCADO,27144.3,13.572149999999999,0.6813454084068478,4,67
1309,1720,Medicinas Rosario,Matriz,26829.190000000002,13.414595000000002,0.6803563695622056,4,68
1156,2409,Almacen de Drogas,Isla,26760.64,13.38032,0.6801396731021303,4,69
1156,2403,Almacen de Drogas,Sucursal 3,25900.27,12.950135000000001,0.6773717025345255,4,70
1159,2340,Diefsa Distribuidora,Sucursal 2,25714.5552,12.8572776,0.6767621667771371,4,71
1358,1590,Dilopsan,Farma Plus  Fresno,25699.34400609,12.849672003045,0.6767120471418612,4,72
1159,1501,Diefsa Distribuidora,Farmacia Medioax,25246.3212,12.623160599999999,0.675205616669983,4,73
1159,2660,Diefsa Distribuidora,Farmacia Guerrero Matriz,24902.358,12.451179,0.6740436770332269,4,74
1275,1590,Aurosant Productos Farmaceutico,Farma Plus  Fresno,24688.9895,12.344494749999999,0.6733148055463887,4,75
1358,2409,Dilopsan,Isla,24259.61106627,12.129805533135,0.6718287518157092,4,76
1309,1616,Medicinas Rosario,Farmacia Nueva San Juan Santa María,24247.0,12.1235,0.6717847091103961,4,77
1303,1616,Distribuidora Gendifar,Farmacia Nueva San Juan Santa María,24038.94,12.019469999999998,0.6710547584078048,4,78
1164,1113,Farmadepot,Farmacia Obregon,24018.6,12.009299999999998,0.6709830595549516,4,79
1156,2404,Almacen de Drogas,Lombardo,23415.15,11.707575000000002,0.6688278001326688,4,80
1164,1448,Farmadepot,Farmacia Mas salud,23320.32,11.660160000000001,0.6684840669349912,4,81
1164,1192,Farmadepot,Tlaco,22746.86,11.37343,0.666375171045559,4,82
1358,2425,Dilopsan,Farmacia MX Tolimán,22298.27576787,11.149137883935,0.6646881099515578,4,83
1164,1501,Farmadepot,Farmacia Medioax,22269.0,11.134500000000001,0.6645768312095276,4,84
1164,2343,Farmadepot,Farmacia Castelo Suc Ajuchitlán,21781.1,10.89055,0.6627004496455112,4,85
1160,1616,Luman Farmaceuticos,Farmacia Nueva San Juan Santa María,21454.9637,10.72748185,0.6614225993856317,4,86
1159,1601,Diefsa Distribuidora,Farmacia Nueva San Juan,21113.798,10.556899,0.6600649058504069,4,87
1358,2119,Dilopsan,Farmacia Nueva San Juan Ensueños,21076.92242941,10.538461214704999,0.6599168451971932,4,88
1164,1589,Farmadepot,Farma Plus Avandaro,20975.6,10.4878,0.659508683740836,4,89
1164,2425,Farmadepot,Farmacia MX Tolimán,20888.63,10.444315000000001,0.6591567633683633,4,90
1164,2563,Farmadepot,NICOLAS ROMERO,20774.0,10.387,0.6586906732160256,4,91
1275,1114,Aurosant Productos Farmaceutico,Farmacia Jana,20631.5056,10.3157528,0.6581076868731898,4,92
1275,1501,Aurosant Productos Farmaceutico,Farmacia Medioax,20521.522,10.260761,0.657654952073675,4,93
1275,2658,Aurosant Productos Farmaceutico,FARMACIA CRISPINS,19625.0,9.8125,0.6538713899975058,4,94
1156,1446,Almacen de Drogas,Fisher,19176.62,9.58831,0.6519137634339892,4,95
1275,2340,Aurosant Productos Farmaceutico,Sucursal 2,19128.578,9.564289,0.6517013034416056,4,96
1164,1527,Farmadepot,Farmacia New Pharma Multiservicio,18799.39,9.399695,0.6502309950422108,4,97
1309,2364,Medicinas Rosario,Kevital Farma,18219.3,9.10965,0.6475762558142579,4,98
1159,1448,Diefsa Distribuidora,Farmacia Mas salud,17083.8652,8.5419326,0.6421261109330468,4,99
1159,2237,Diefsa Distribuidora,MERCADO,17057.3476,8.5286738,0.641994538957971,4,100
1156,2667,Almacen de Drogas,BODEGÓN FARMACEUTICO OBREGÓN,16921.72,8.46086,0.641318383250322,4,101
1358,2404,Dilopsan,Lombardo,16817.53993535,8.408769967675001,0.6407953155773491,4,102
1358,1224,Dilopsan,Farmacia de la Caridad,16532.43212216,8.26621606108,0.6393471072128905,4,103
1160,2013,Luman Farmaceuticos,Matriz,16520.0,8.26,0.6392833912533985,4,104
1358,2340,Dilopsan,Sucursal 2,16467.9945355,8.23399726775,0.6390163368871405,4,105
1156,1422,Almacen de Drogas,Centro Sur,16290.289999999999,8.145145,0.6380973961408203,4,106
1275,2563,Aurosant Productos Farmaceutico,NICOLAS ROMERO,16095.2795,8.04763975,0.6370773566564019,4,107
1159,2563,Diefsa Distribuidora,NICOLAS ROMERO,16084.7688,8.0423844,0.6370220280285617,4,108
1156,2390,Almacen de Drogas,F. Matriz,15930.289999999999,7.965145000000001,0.6362046506572362,4,109
1358,2074,Dilopsan,F. NUEVA SAN JUAN TULTEPEC 1,15868.07080102,7.934035400509999,0.6358731956955581,4,110
1358,1325,Dilopsan,Juquilita,15824.6189419,7.91230947095,0.6356409468086938,4,111
1358,1588,Dilopsan,Farma Plus Fontanas,15823.64867709,7.911824338545,0.6356357534972659,4,112
1358,2076,Dilopsan,F. Nueva San Juan Tultepec 2,15771.8045275,7.88590226375,0.6353577952962329,4,113
1358,2139,Dilopsan,Farmacia 02 Puente,15673.11759332,7.836558796659999,0.6348261594783233,4,114
1275,2237,Aurosant Productos Farmaceutico,MERCADO,15434.2,7.7171,0.6335250999135056,4,115
1358,2096,Dilopsan,CEDIFAR,15425.510014899999,7.712755007449999,0.6334773986559442,4,116
1156,1099,Almacen de Drogas,Altamirano,15278.18,7.63909,0.6326645562878037,4,117
1159,2664,Diefsa Distribuidora,Cosmo farmacias 9,15150.76,7.57538,0.6319552151553816,4,118
1164,2409,Farmadepot,Isla,14083.91,7.041955000000001,0.6257708160787717,4,119
1164,2403,Farmadepot,Sucursal 3,14077.550000000001,7.038775000000001,0.6257325601112869,4,120
1309,1238,Medicinas Rosario,Farmacia San Angel Hidalgo,14047.64,7.02382,0.6255524167485949,4,121
1164,1748,Farmadepot,Sucursal Mercado 01,14017.0,7.008500000000001,0.6253674786116704,4,122
1275,2096,Aurosant Productos Farmaceutico,CEDIFAR,13678.2,6.839100000000001,0.6232951589380273,3,123
1303,2013,Distribuidora Gendifar,Matriz,13662.0,6.831,0.6231947878207204,3,124
1309,2119,Medicinas Rosario,Farmacia Nueva San Juan Ensueños,13616.37,6.808185000000001,0.6229114348994539,3,125
1164,1491,Farmadepot,Farmacia Los Precios Bajos,13537.2,6.7686,0.6224175452976403,3,126
1156,2485,Almacen de Drogas,Via Morelos,13418.89,6.709445,0.6216740780865706,3,127
1358,1114,Dilopsan,Farmacia Jana,13400.67738646,6.70033869323,0.6215590471335158,3,128
1309,2567,Medicinas Rosario,Farmacias Guadalupana Valle,13377.31,6.688655,0.6214112294590837,3,129
1358,1527,Dilopsan,Farmacia New Pharma Multiservicio,12936.07058342,6.468035291710001,0.6185704909771909,3,130
1159,1098,Diefsa Distribuidora,Tezal,12933.8956,6.466947800000001,0.6185562496042128,3,131
1358,1311,Dilopsan,Verdux Ciudad Lago,12842.28498694,6.42114249347,0.6179542162160447,3,132
1159,2404,Diefsa Distribuidora,Lombardo,12783.0608,6.3915304,0.6175627256736566,3,133
1358,2435,Dilopsan,Farmacia Castelo La Estación,12570.84090293,6.285420451465,0.6161448379564745,3,134
1164,1102,Farmadepot,Zákia,12435.24,6.217619999999999,0.6152262713446097,3,135
1164,1741,Farmadepot,Sucursal Centro,12353.25,6.1766250000000005,0.6146659963525806,3,136
1303,2074,Distribuidora Gendifar,F. NUEVA SAN JUAN TULTEPEC 1,12333.24,6.166620000000001,0.6145286945022477,3,137
1159,2360,Diefsa Distribuidora,Casa Aleman,12266.0488,6.133024400000001,0.614066016099342,3,138
1156,2076,Almacen de Drogas,F. Nueva San Juan Tultepec 2,12240.15,6.120075,0.6138870000844964,3,139
1309,2076,Medicinas Rosario,F. Nueva San Juan Tultepec 2,12153.95,6.076975,0.613288434171596,3,140
1159,1527,Diefsa Distribuidora,Farmacia New Pharma Multiservicio,12009.735200000001,6.0048676,0.6122774628251283,3,141
1164,2567,Farmadepot,Farmacias Guadalupana Valle,11976.5,5.988250000000001,0.6120427574780849,3,142
1309,1710,Medicinas Rosario,Matriz,11920.72,5.96036,0.6116473743398436,3,143
1159,2409,Diefsa Distribuidora,Isla,11761.762,5.8808810000000005,0.610510408903702,3,144
1309,1590,Medicinas Rosario,Farma Plus  Fresno,11737.7,5.86885,0.6103369650350364,3,145
1303,2119,Distribuidora Gendifar,Farmacia Nueva San Juan Ensueños,11592.53,5.796265000000001,0.6092829472939522,3,146
1159,1102,Diefsa Distribuidora,Zákia,11469.5696,5.7347848,0.6083798092575313,3,147
1309,1311,Medicinas Rosario,Verdux Ciudad Lago,11453.33,5.726665000000001,0.6082598071187397,3,148
1156,2484,Almacen de Drogas,FARMACIAS DE JESÚS QRO,11450.96,5.72548,0.6082422798360827,3,149
1358,2087,Dilopsan,Suc. De la Fuente,11429.79948364,5.71489974182,0.6080856267526099,3,150
1275,2660,Aurosant Productos Farmaceutico,Farmacia Guerrero Matriz,11424.619999999999,5.71231,0.6080472384252276,3,151
1164,1097,Farmadepot,Club Campestre,11415.66,5.70783,0.6079807892687182,3,152
1309,2425,Medicinas Rosario,Farmacia MX Tolimán,11411.9,5.7059500000000005,0.6079528888206619,3,153
1150,1659,Grupo Privarez,Medina Virtual,11382.33544112,5.691167720559999,0.6077331891895547,3,154
1309,2340,Medicinas Rosario,Sucursal 2,11121.98,5.560989999999999,0.6057734334236962,3,155
1358,1183,Dilopsan,Mazal Stim,11032.32100163,5.516160500815,0.605087915663937,3,156
1275,1527,Aurosant Productos Farmaceutico,Farmacia New Pharma Multiservicio,10956.98,5.47849,0.6045075501667921,3,157
1156,2506,Almacen de Drogas,Tecamac Presidencia,10931.72,5.46586,0.6043120743087091,3,158
1156,2363,Almacen de Drogas,Farmacia Genesis CDMX,10907.38,5.453689999999999,0.6041232902169834,3,159
1164,1692,Farmadepot,Cedis,10800.0,5.4,0.603285378183805,3,160
1156,2307,Almacen de Drogas,Sucursal Samahua,10678.46,5.33923,0.6023268635025913,3,161
1156,2602,Almacen de Drogas,Cedis,10493.51,5.246755,0.6008471386054076,3,162
1164,2404,Farmadepot,Lombardo,10481.1,5.240550000000001,0.6007469186885795,3,163
1164,1183,Farmadepot,Mazal Stim,10445.66,5.22283,0.6004600599756669,3,164
1309,2074,Medicinas Rosario,F. NUEVA SAN JUAN TULTEPEC 1,10362.9,5.18145,0.5997863760526476,3,165
1309,1588,Medicinas Rosario,Farma Plus Fontanas,10343.39,5.171695,0.5996267770647954,3,166
1161,1680,Jeshua Medic,Boulevard,10324.170699999999,5.16208535,0.5994692615491901,3,167
1159,1589,Diefsa Distribuidora,Farma Plus Avandaro,10211.7816,5.1058908,0.5985422438795177,3,168
1275,2567,Aurosant Productos Farmaceutico,Farmacias Guadalupana Valle,10136.47,5.068235,0.5979153265010071,3,169
1160,2119,Luman Farmaceuticos,Farmacia Nueva San Juan Ensueños,10109.9455,5.05497275,0.5976934187709334,3,170
1156,2515,Almacen de Drogas,Coacalco,10059.789999999999,5.029895,0.5972722151928874,3,171
1309,2409,Medicinas Rosario,Isla,9748.91,4.874455,0.5946136722450465,3,172
1275,2664,Aurosant Productos Farmaceutico,Cosmo farmacias 9,9723.4938,4.8617469,0.5943925863628384,3,173
1309,1448,Medicinas Rosario,Farmacia Mas salud,9674.06,4.8370299999999995,0.5939609208639985,3,174
1309,1366,Medicinas Rosario,Farmamundo,9656.99,4.828495,0.5938113499148425,3,175
1156,2505,Almacen de Drogas,Zumpango,9605.61,4.802805,0.5933595470673984,3,176
1358,2434,Dilopsan,Farmacia MX San Pablo,9605.40155894,4.80270077947,0.5933577092534718,3,177
1164,2660,Farmadepot,Farmacia Guerrero Matriz,9548.5,4.77425,0.5928545141343644,3,178
1156,2661,Almacen de Drogas,Metepec 1,9520.1,4.76005,0.5926022429329014,3,179
1358,2280,Dilopsan,MINA,9428.70333349,4.714351666745,0.5917852483410878,3,180
1164,2360,Farmadepot,Casa Aleman,9274.28,4.6371400000000005,0.5903866985136689,3,181
1164,1788,Farmadepot,SOMA FIRST,9188.5,4.594250000000001,0.5895997308179602,3,182
1156,2136,Almacen de Drogas,FNSJ Del Carmen 2,9176.2,4.588100000000001,0.5894862857367709,3,183
1309,2237,Medicinas Rosario,MERCADO,9065.76,4.5328800000000005,0.5884608135198809,3,184
1161,2425,Jeshua Medic,Farmacia MX Tolimán,8969.3529,4.48467645,0.5875553793243369,3,185
1358,2484,Dilopsan,FARMACIAS DE JESÚS QRO,8918.50408711,4.459252043555,0.5870738913055661,3,186
1164,1749,Farmadepot,Sucursal Periferico,8866.55,4.433275,0.5865790943570636,3,187
1159,2403,Diefsa Distribuidora,Sucursal 3,8849.5124,4.4247562,0.5864162014327462,3,188
1309,2404,Medicinas Rosario,Lombardo,8705.62,4.352810000000001,0.5850278371266778,3,189
1303,2076,Distribuidora Gendifar,F. Nueva San Juan Tultepec 2,8592.13,4.296065,0.5839165335615744,3,190
1275,2409,Aurosant Productos Farmaceutico,Isla,8584.1,4.292050000000001,0.5838373480879925,3,191
1358,1601,Dilopsan,Farmacia Nueva San Juan,8574.08008502,4.287040042509999,0.5837384357320408,3,192
1156,2665,Almacen de Drogas,Bodegon Farmaceutico cortéz,8391.68,4.1958400000000005,0.5819173727139224,3,193
1358,2136,Dilopsan,FNSJ Del Carmen 2,8322.62145555,4.161310727775,0.5812175522242373,3,194
1358,2436,Dilopsan,Farmacia Castelo La Esperanza,8179.30234011,4.089651170055,0.579746479601893,3,195
1156,2630,Almacen de Drogas,Farmacia Guerrero,8123.93,4.061965,0.5791712076457909,3,196
1309,2435,Medicinas Rosario,Farmacia Castelo La Estación,8019.96,4.00998,0.5780803773823934,3,197
1275,1589,Aurosant Productos Farmaceutico,Farma Plus Avandaro,7931.8931,3.96594655,0.5771452817999932,3,198
1275,2349,Aurosant Productos Farmaceutico,FARMACIA MEDICA,7879.6119,3.9398059500000002,0.5765852367273303,3,199
1358,1673,Dilopsan,Farmacia Zamora,7755.32662633,3.877663313165,0.5752388170227343,3,200
1309,1679,Medicinas Rosario,Matriz,7696.94,3.84847,0.5745988320717306,3,201
1358,1501,Dilopsan,Farmacia Medioax,7687.6981688,3.8438490844,0.5744970861967106,3,202
1159,2154,Diefsa Distribuidora,CASTORENA,7593.6035999999995,3.7968017999999994,0.5734541567246226,3,203
1309,2349,Medicinas Rosario,FARMACIA MEDICA,7428.59,3.7142950000000003,0.5715935819285992,3,204
1358,2343,Dilopsan,Farmacia Castelo Suc Ajuchitlán,7240.09600676,3.62004800338,0.5694170216491174,3,205
1275,2404,Aurosant Productos Farmaceutico,Lombardo,7211.1388,3.6055694000000003,0.5690776379237331,3,206
1358,2089,Dilopsan,F. San José Hospital,7181.26995163,3.590634975815,0.5687261391230156,3,207
1164,1518,Farmadepot,Farmacia Santa Elena San Pedro,7119.3,3.5596500000000004,0.5679921865734664,3,208
1156,2305,Almacen de Drogas,Sucursal Centro,6997.96,3.4989800000000004,0.566536391834749,3,209
1164,2484,Farmadepot,FARMACIAS DE JESÚS QRO,6952.7,3.47635,0.565986906978128,3,210
1358,1589,Dilopsan,Farma Plus Avandaro,6779.66034213,3.389830171065,0.5638526050234494,3,211
1358,2616,Dilopsan,El Triunfo,6529.6821167,3.26484105835,0.5606711554927493,3,212
1164,2154,Farmadepot,CASTORENA,6465.7,3.2328499999999996,0.5598372855576235,3,213
1275,1518,Aurosant Productos Farmaceutico,Farmacia Santa Elena San Pedro,6437.27,3.2186350000000004,0.5594641108711406,3,214
1159,2390,Diefsa Distribuidora,F. Matriz,6376.9028,3.1884514000000004,0.5586662318676737,3,215
1159,1491,Diefsa Distribuidora,Farmacia Los Precios Bajos,6355.2572,3.1776286,0.5583782995217693,3,216
1164,2432,Farmadepot,MATRIZ,6334.4,3.1672,0.5580999256012819,3,217
1164,2363,Farmadepot,Farmacia Genesis CDMX,6308.1,3.1540500000000002,0.557747599399975,3,218
1156,2074,Almacen de Drogas,F. NUEVA SAN JUAN TULTEPEC 1,6289.65,3.1448249999999995,0.5574995576787477,3,219
1358,2363,Dilopsan,Farmacia Genesis CDMX,6175.32540372,3.0876627018600007,0.5559461695084229,3,220
1275,1601,Aurosant Productos Farmaceutico,Farmacia Nueva San Juan,6175.1789,3.08758945,0.5559441604977564,3,221
1358,2390,Dilopsan,F. Matriz,6046.73030684,3.02336515342,0.5541641478792777,3,222
1358,2403,Dilopsan,Sucursal 3,6043.79950695,3.0218997534750005,0.5541230938204004,3,223
1156,2666,Almacen de Drogas,BODEGON FARMACEÚTICO RAMÍREZ MENDEZ,6005.35,3.0026750000000004,0.5535826499197667,3,224
1164,2434,Farmadepot,Farmacia MX San Pablo,5902.7,2.95135,0.5521226860390301,3,225
1275,2484,Aurosant Productos Farmaceutico,FARMACIAS DE JESÚS QRO,5866.71,2.933355,0.5516047932711603,3,226
1164,2090,Farmadepot,F. San José Matriz,5747.25,2.873625,0.5498627182448615,3,227
1358,2075,Dilopsan,FARMACIA SUPER ESTRELLA,5746.8084505199995,2.87340422526,0.5498562122490257,3,228
1309,2279,Medicinas Rosario,ALTAMIRANO,5626.95,2.813475,0.5480714230432093,3,229
1164,2435,Farmadepot,Farmacia Castelo La Estación,5545.7,2.7728499999999996,0.5468397986428507,3,230
1164,2390,Farmadepot,F. Matriz,5390.9,2.6954499999999997,0.5444425244198603,3,231
1150,2602,Grupo Privarez,Cedis,5341.123680000001,2.6705618400000004,0.5436570331689146,3,232
1164,2407,Farmadepot,Abasolo,5338.34,2.6691700000000003,0.5436128897306918,3,233
1275,2403,Aurosant Productos Farmaceutico,Sucursal 3,5334.6168,2.6673084,0.5435538114547213,3,234
1164,2505,Farmadepot,Zumpango,5261.8,2.6309000000000005,0.5423900220631757,3,235
1309,1183,Medicinas Rosario,Mazal Stim,5217.12,2.60856,0.5416679302220688,3,236
1164,1320,Farmadepot,Libertad 15,5172.76,2.5863800000000006,0.5409448684668495,3,237
1156,2407,Almacen de Drogas,Abasolo,5049.65,2.524825,0.5389052448731338,3,238
1159,2506,Diefsa Distribuidora,Tecamac Presidencia,5045.8608,2.5229304000000004,0.5388416816185106,3,239
1275,2360,Aurosant Productos Farmaceutico,Casa Aleman,5018.594,2.509297,0.5383828732562402,3,240
1164,2135,Farmadepot,FNSJ del Carmen 1,4997.9,2.49895,0.5380329966985499,3,241
1358,2241,Dilopsan,MAYAPAN,4973.34735327,2.4866736766349997,0.5376159982551981,3,242
1275,1491,Aurosant Productos Farmaceutico,Farmacia Los Precios Bajos,4955.92,2.47796,0.5373187641285824,3,243
1160,2074,Luman Farmaceuticos,F. NUEVA SAN JUAN TULTEPEC 1,4950.5508,2.4752754,0.5372269785916314,3,244
1159,2269,Diefsa Distribuidora,ROMA SUR,4934.4892,2.4672446,0.5369518130992678,3,245
1358,2243,Dilopsan,Mama,4873.45008876,2.4367250443799997,0.5358978682962084,3,246
1309,1527,Medicinas Rosario,Farmacia New Pharma Multiservicio,4826.79,2.413395,0.535083264762088,3,247
1358,1679,Dilopsan,Matriz,4826.14717859,2.413073589295,0.5350719873398101,3,248
1303,1601,Distribuidora Gendifar,Farmacia Nueva San Juan,4799.01,2.399505,0.534594527902511,3,249
1150,1679,Grupo Privarez,Matriz,4791.10584656,2.39555292328,0.5344549523300666,3,250
1164,1098,Farmadepot,Tezal,4750.89,2.3754450000000005,0.5337412165666795,3,251
1159,2096,Diefsa Distribuidora,CEDIFAR,4723.9839999999995,2.361992,0.5332603191223392,3,252
1164,2076,Farmadepot,F. Nueva San Juan Tultepec 2,4682.5,2.34125,0.5325134742675877,3,253
1159,2567,Diefsa Distribuidora,Farmacias Guadalupana Valle,4657.864,2.328932,0.5320668108657352,3,254
1358,2563,Dilopsan,NICOLAS ROMERO,4654.43031268,2.32721515634,0.5320043689125141,3,255
1309,1729,Medicinas Rosario,Del Eje Suc Arcangel San Rafael,4553.42,2.27671,0.5301465851388792,3,256
1164,2147,Farmadepot,FARMACIA COYOACÁN,4550.25,2.275125,0.5300876178842479,3,257
1164,2485,Farmadepot,Via Morelos,4539.4,2.2697,0.5298854786460931,3,258
1159,2584,Diefsa Distribuidora,MM Pharma,4538.1984,2.2690992,0.5298630627273089,3,259
1159,1099,Diefsa Distribuidora,Altamirano,4534.8576,2.2674288000000002,0.5298007087160608,3,260
1358,1101,Dilopsan,Universidad,4528.40591741,2.2642029587050003,0.5296801619001096,3,261
1309,2616,Medicinas Rosario,El Triunfo,4527.92,2.2639600000000004,0.5296710757992166,3,262
1309,2343,Medicinas Rosario,Farmacia Castelo Suc Ajuchitlán,4453.86,2.22693,0.5282747181274976,3,263
1275,2363,Aurosant Productos Farmaceutico,Farmacia Genesis CDMX,4444.7395,2.22236975,0.5281011536366966,3,264
1309,1610,Medicinas Rosario,CEDIS Monterrey Vitau,4402.59,2.201295,0.5272943903679198,3,265
1164,2506,Farmadepot,Tecamac Presidencia,4399.9400000000005,2.19997,0.5272434103500542,3,266
1275,2076,Aurosant Productos Farmaceutico,F. Nueva San Juan Tultepec 2,4350.9071,2.1754535500000003,0.5262945496260912,3,267
1309,1224,Medicinas Rosario,Farmacia de la Caridad,4297.06,2.14853,0.5252401336389321,3,268
1156,1100,Almacen de Drogas,Mi Plaza,4293.03,2.146515,0.5251606890914361,3,269
1164,2089,Farmadepot,F. San José Hospital,4256.0,2.128,0.5244271971523313,3,270
1358,2090,Dilopsan,F. San José Matriz,4181.08112362,2.09054056181,0.5229234891860124,3,271
1309,2087,Medicinas Rosario,Suc. De la Fuente,4178.25,2.089125,0.522866138519038,3,272
1164,1750,Farmadepot,Sucursal mercado 02,4118.6,2.0593,0.5216486797201639,3,273
1309,2390,Medicinas Rosario,F. Matriz,4110.21,2.055105,0.5214760271953794,3,274
1161,2343,Jeshua Medic,Farmacia Castelo Suc Ajuchitlán,4095.7056,2.0478528000000003,0.5211767177358763,3,275
1275,2119,Aurosant Productos Farmaceutico,Farmacia Nueva San Juan Ensueños,4068.5618,2.0342809,0.5206137270448304,3,276
1275,2074,Aurosant Productos Farmaceutico,F. NUEVA SAN JUAN TULTEPEC 1,4012.7178,2.0063589,0.5194435615257689,3,277
1358,1518,Dilopsan,Farmacia Santa Elena San Pedro,3959.46063774,1.97973031887,0.5183123377354157,3,278
1309,1283,Medicinas Rosario,Teabo,3954.15,1.9770750000000001,0.5181987028922215,3,279
1309,1501,Medicinas Rosario,Farmacia Medioax,3938.6,1.9693,0.5178650910327876,3,280
1161,1681,Jeshua Medic,Arboledas,3936.4805,1.96824025,0.5178195170683719,3,281
1164,2436,Farmadepot,Farmacia Castelo La Esperanza,3853.5,1.9267500000000002,0.5160157018028987,3,282
1309,1673,Medicinas Rosario,Farmacia Zamora,3822.05,1.9110250000000002,0.515321882751996,3,283
1161,1682,Jeshua Medic,Tecnológico,3805.6776,1.9028388,0.514958429074676,3,284
1275,1100,Aurosant Productos Farmaceutico,Mi Plaza,3788.7405,1.8943702500000001,0.5145807912394764,3,285
1358,2488,Dilopsan,FARMA MAS,3763.56717342,1.8817835867100001,0.5140163853993219,3,286
1161,2435,Jeshua Medic,Farmacia Castelo La Estación,3734.5168,1.8672584,0.5133603445470587,3,287
1164,2488,Farmadepot,FARMA MAS,3695.1,1.84755,0.5124619974274673,3,288
1303,2136,Distribuidora Gendifar,FNSJ Del Carmen 2,3688.84,1.8444200000000002,0.5123184451812062,3,289
1161,2119,Jeshua Medic,Farmacia Nueva San Juan Ensueños,3662.9254,1.8314627,0.5117215784779742,3,290
1164,1729,Farmadepot,Del Eje Suc Arcangel San Rafael,3650.0,1.825,0.5114223005201359,3,291
1159,1320,Diefsa Distribuidora,Libertad 15,3641.9476,1.8209738,0.5112353172609223,3,292
1164,1577,Farmadepot,Farmacia San Antonio,3615.4,1.8077,0.5106159205588349,3,293
1159,2485,Diefsa Distribuidora,Via Morelos,3602.206,1.801103,0.5103063910291227,3,294
1160,2076,Luman Farmaceuticos,F. Nueva San Juan Tultepec 2,3591.9019,1.79595095,0.51006386915024,3,295
1358,1794,Dilopsan,Protec,3527.51274815,1.763756374075,0.5085324459466093,3,296
1156,2135,Almacen de Drogas,FNSJ del Carmen 1,3484.7400000000002,1.7423700000000002,0.5074996221763942,3,297
1358,2360,Dilopsan,Casa Aleman,3476.08871322,1.7380443566100001,0.5072891816367072,3,298
1309,1102,Medicinas Rosario,Zákia,3432.58,1.7162899999999999,0.5062228430000824,3,299
1309,1325,Medicinas Rosario,Juquilita,3428.04,1.7140199999999999,0.506110796491043,3,300
1358,2240,Dilopsan,Chumayel,3413.26156609,1.706630783045,0.5057450371568497,3,301
1164,2584,Farmadepot,MM Pharma,3334.55,1.6672750000000003,0.5037699019477427,3,302
1161,2074,Jeshua Medic,F. NUEVA SAN JUAN TULTEPEC 1,3287.9138,1.6439569,0.5025775419100568,3,303
1309,1097,Medicinas Rosario,Club Campestre,3269.71,1.634855,0.5021075279496693,3,304
1309,2136,Medicinas Rosario,FNSJ Del Carmen 2,3263.84,1.63192,0.5019554094232571,3,305
1160,1601,Luman Farmaceuticos,Farmacia Nueva San Juan,3226.8492,1.6134246,0.5009904724172102,3,306
1358,1102,Dilopsan,Zákia,3209.0758386,1.6045379193000002,0.5005229001141835,3,307
1309,2075,Medicinas Rosario,FARMACIA SUPER ESTRELLA,3201.5099999999998,1.6007549999999997,0.5003230761512109,3,308
1159,2307,Diefsa Distribuidora,Sucursal Samahua,3193.596,1.596798,0.5001135511372394,3,309
1156,2405,Almacen de Drogas,Nigromante,3152.2,1.5760999999999998,0.4990090563430526,3,310
1164,721,Farmadepot,Oriente 229,3135.9,1.5679500000000002,0.49857017019416056,3,311
1309,2377,Medicinas Rosario,Plenafarm,3127.57,1.563785,0.49834499947833,3,312
1309,2563,Medicinas Rosario,NICOLAS ROMERO,3091.32,1.54566,0.497358084558814,3,313
1164,2305,Farmadepot,Sucursal Centro,3085.5,1.54275,0.49719855692188186,3,314
1156,1224,Almacen de Drogas,Farmacia de la Caridad,3057.13,1.5285650000000002,0.49641659741574423,3,315
1159,2505,Diefsa Distribuidora,Zumpango,3037.8312,1.5189156,0.4958805110036055,3,316
1275,1183,Aurosant Productos Farmaceutico,Mazal Stim,3036.1875,1.51809375,0.4958346947631932,3,317
1159,2667,Diefsa Distribuidora,BODEGÓN FARMACEUTICO OBREGÓN,3019.8743999999997,1.5099372,0.49537863747305344,3,318
1164,1422,Farmadepot,Centro Sur,3017.8,1.5089000000000001,0.49532046813528496,3,319
1358,2519,Dilopsan,Farmacia Los Ángeles,3015.47299945,1.5077364997249998,0.4952551679207708,3,320
1309,1589,Medicinas Rosario,Farma Plus Avandaro,2951.61,1.475805,0.4934431116498997,3,321
1275,2136,Aurosant Productos Farmaceutico,FNSJ Del Carmen 2,2933.4215,1.46671075,0.49291985675085187,3,322
1309,2436,Medicinas Rosario,Farmacia Castelo La Esperanza,2909.84,1.4549200000000002,0.4922366059022536,3,323
1309,2381,Medicinas Rosario,Farmacia Marin,2895.05,1.447525,0.4918052508639038,3,324
1275,2326,Aurosant Productos Farmaceutico,Nuestra Farmacia,2876.595,1.4382975,0.49126390608651205,3,325
1161,2076,Jeshua Medic,F. Nueva San Juan Tultepec 2,2873.6572,1.4368286000000001,0.4911774108307955,3,326
1159,2666,Diefsa Distribuidora,BODEGON FARMACEÚTICO RAMÍREZ MENDEZ,2858.8548,1.4294274000000002,0.4907402471152285,3,327
1164,2452,Farmadepot,F. Guadalupe Jalisco,2810.0,1.405,0.4892811801512074,3,328
1275,2584,Aurosant Productos Farmaceutico,MM Pharma,2796.5299999999997,1.3982649999999999,0.48887443399602415,3,329
1309,2403,Medicinas Rosario,Sucursal 3,2779.44,1.38972,0.48835554976593465,3,330
1156,2445,Almacen de Drogas,Altius Las Americas,2764.4300000000003,1.3822150000000002,0.4878971816598831,3,331
1358,2154,Dilopsan,CASTORENA,2736.4068351799997,1.3682034175899997,0.48703472873973586,3,332
1358,2658,Dilopsan,FARMACIA CRISPINS,2613.92340633,1.306961703165,0.48315852256988867,3,333
1309,2434,Medicinas Rosario,Farmacia MX San Pablo,2607.86,1.30393,0.4829619493383018,3,334
1358,2515,Dilopsan,Coacalco,2599.9095816,1.2999547908,0.48270350678099655,3,335
1309,2090,Medicinas Rosario,F. San José Matriz,2597.87,1.298935,0.4826370792551324,3,336
1159,1422,Diefsa Distribuidora,Centro Sur,2591.3936,1.2956968,0.48242580215015507,3,337
1164,2515,Farmadepot,Coacalco,2577.7,1.2888499999999998,0.48197733851720714,3,338
1358,2297,Dilopsan,TERMINAL,2553.64695535,1.276823477675,0.4811838103306741,3,339
1164,2377,Farmadepot,Plenafarm,2527.7,1.26385,0.480319382979661,3,340
1164,1445,Farmadepot,Farmacia Amiga suc. auditorio,2491.45,1.245725,0.47909674377290584,3,341
1358,1445,Dilopsan,Farmacia Amiga suc. auditorio,2449.14843504,1.22457421752,0.477647321541507,3,342
1161,1325,Jeshua Medic,Juquilita,2425.8923999999997,1.2129461999999998,0.47683978269271987,3,343
1309,1491,Medicinas Rosario,Farmacia Los Precios Bajos,2419.45,1.209725,0.4766147093779257,3,344
1358,2584,Dilopsan,MM Pharma,2418.5500839700003,1.2092750419850002,0.47658322202765036,3,345
1275,2519,Aurosant Productos Farmaceutico,Farmacia Los Ángeles,2417.2,1.2086,0.47653596169532547,3,346
1159,2515,Diefsa Distribuidora,Coacalco,2409.1344,1.2045671999999998,0.47625307091002594,3,347
1150,2343,Grupo Privarez,Farmacia Castelo Suc Ajuchitlán,2400.54622544,1.20027311272,0.47595080931728934,3,348
1309,2243,Medicinas Rosario,Mama,2398.67,1.199335,0.47588463159431993,3,349
1159,2488,Diefsa Distribuidora,FARMA MAS,2365.1124,1.1825562,0.47469218056233997,3,350
1159,2305,Diefsa Distribuidora,Sucursal Centro,2332.1567999999997,1.1660783999999997,0.47350455337270936,3,351
1358,1610,Dilopsan,CEDIS Monterrey Vitau,2318.16268569,1.1590813428450002,0.4729951645047291,3,352
1156,2096,Almacen de Drogas,CEDIFAR,2309.7799999999997,1.15489,0.47268855939033677,3,353
1275,2154,Aurosant Productos Farmaceutico,CASTORENA,2267.75,1.133875,0.4711343126896881,3,354
1358,2135,Dilopsan,FNSJ del Carmen 1,2264.7180993,1.13235904965,0.4710210841015975,3,355
1309,2488,Medicinas Rosario,FARMA MAS,2245.44,1.1227200000000002,0.47029756666319,3,356
1309,2484,Medicinas Rosario,FARMACIAS DE JESÚS QRO,2234.88,1.11744,0.46989860879004947,3,357
1275,2390,Aurosant Productos Farmaceutico,F. Matriz,2173.14,1.08657,0.46752769142134565,3,358
1309,2338,Medicinas Rosario,SODHI FARMACIAS MATRIZ SAHUATOBA,2172.98,1.08649,0.4675214601356901,3,359
1358,2505,Dilopsan,Zumpango,2162.41017686,1.08120508843,0.46710879403620387,3,360
1161,2434,Jeshua Medic,Farmacia MX San Pablo,2158.7248999999997,1.0793624499999999,0.46696443982260044,3,361
1309,2519,Medicinas Rosario,Farmacia Los Ángeles,2129.5,1.0647499999999999,0.46581089044097324,3,362
1150,1673,Grupo Privarez,Farmacia Zamora,2090.2284784000003,1.0451142392000001,0.4642356270967925,3,363
1358,1097,Dilopsan,Club Campestre,2063.4331635099998,1.0317165817549998,0.46314374775191197,3,364
1275,2506,Aurosant Productos Farmaceutico,Tecamac Presidencia,2055.0,1.0275,0.4627971734008794,3,365
1161,2436,Jeshua Medic,Farmacia Castelo La Esperanza,2045.6344000000001,1.0228172,0.46241060994639327,3,366
1358,2485,Dilopsan,Via Morelos,2040.57692546,1.02028846273,0.4622011277615901,3,367
1164,2405,Farmadepot,Nigromante,2029.75,1.014875,0.4617509239057769,3,368
1275,2407,Aurosant Productos Farmaceutico,Abasolo,2014.78,1.00739,0.4611244754643936,3,369
1164,1099,Farmadepot,Altamirano,2014.3,1.00715,0.4611043120851862,3,370
1275,1224,Aurosant Productos Farmaceutico,Farmacia de la Caridad,2006.7815,1.00339075,0.46078785418217477,3,371
1309,2096,Medicinas Rosario,CEDIFAR,1997.2,0.9986,0.46038284251120587,3,372
1309,2363,Medicinas Rosario,Farmacia Genesis CDMX,1994.0,0.997,0.46024714544402545,3,373
1358,1320,Dilopsan,Libertad 15,1991.3334856699998,0.9956667428349999,0.460133904740346,3,374
1358,2506,Dilopsan,Tecamac Presidencia,1972.32829867,0.9861641493350001,0.459322383783803,3,375
1358,2147,Dilopsan,FARMACIA COYOACÁN,1969.96765439,0.984983827195,0.45922103935855135,3,376
1358,1113,Dilopsan,Farmacia Obregon,1930.06676442,0.9650333822100001,0.45748945767901883,3,377
1275,1325,Aurosant Productos Farmaceutico,Juquilita,1921.1779999999999,0.9605889999999999,0.45709884249169386,3,378
1164,724,Farmadepot,Ramos Millán,1911.25,0.9556250000000001,0.4566604182079698,3,379
1164,2326,Farmadepot,Nuestra Farmacia,1889.15,0.9445750000000002,0.4556762487098146,3,380
1309,2360,Medicinas Rosario,Casa Aleman,1877.58,0.9387899999999999,0.4551564104970709,3,381
1275,2485,Aurosant Productos Farmaceutico,Via Morelos,1863.02,0.93151,0.4544976659308989,3,382
1275,2515,Aurosant Productos Farmaceutico,Coacalco,1847.68,0.92384,0.45379804467185325,3,383
1159,1224,Diefsa Distribuidora,Farmacia de la Caridad,1839.8528000000001,0.9199264000000001,0.4534388257000466,3,384
1156,1278,Almacen de Drogas,Farmacia Mazal Tlalpan,1819.72,0.9098600000000001,0.4525077979185624,3,385
1164,1599,Farmadepot,ROMA NORTE,1802.6,0.9013,0.45170796407447295,3,386
1309,1113,Medicinas Rosario,Farmacia Obregon,1801.01,0.900505,0.4516332957363341,3,387
1156,1794,Almacen de Drogas,Protec,1795.17,0.897585,0.45135847599389173,3,388
1150,2519,Grupo Privarez,Farmacia Los Ángeles,1783.6759168,0.8918379584,0.45081496715639036,3,389
1150,1527,Grupo Privarez,Farmacia New Pharma Multiservicio,1769.68002248,0.88484001124,0.45014841446107123,3,390
1303,2563,Distribuidora Gendifar,NICOLAS ROMERO,1719.17,0.859585,0.44769829751096507,3,391
1275,2505,Aurosant Productos Farmaceutico,Zumpango,1706.07,0.853035,0.4470511035703187,3,392
1159,1100,Diefsa Distribuidora,Mi Plaza,1696.0476,0.8480238,0.4465525954214663,3,393
1159,2661,Diefsa Distribuidora,Metepec 1,1689.2268,0.8446134,0.44621164746993514,3,394
1358,2407,Dilopsan,Abasolo,1685.6900677899998,0.8428450338949999,0.446034316844997,3,395
1161,2484,Jeshua Medic,FARMACIAS DE JESÚS QRO,1650.3869,0.82519345,0.4442435778510915,3,396
1161,2563,Jeshua Medic,NICOLAS ROMERO,1635.8912,0.8179456,0.443497183557333,3,397
1159,1446,Diefsa Distribuidora,Fisher,1633.0248,0.8165124,0.44334880847868485,3,398
1164,1446,Farmadepot,Fisher,1607.8,0.8039000000000001,0.4420317527767589,3,399
1164,722,Farmadepot,Churubusco,1600.45,0.8002250000000001,0.4416441046636352,3,400
1358,1278,Dilopsan,Farmacia Mazal Tlalpan,1548.79270501,0.774396352505,0.4388684078128581,3,401
1358,1328,Dilopsan,Leon de Juda,1509.77205528,0.7548860276399999,0.4367097110854799,3,402
1164,2630,Farmadepot,Farmacia Guerrero,1500.79,0.750395,0.43620491997803157,3,403
1275,2452,Aurosant Productos Farmaceutico,F. Guadalupe Jalisco,1492.1100000000001,0.746055,0.4357142295310248,3,404
1309,2280,Medicinas Rosario,MINA,1476.65,0.7383250000000001,0.4348331553570946,3,405
1159,2407,Diefsa Distribuidora,Abasolo,1473.5132,0.7367566000000001,0.4346532635337001,3,406
1161,1102,Jeshua Medic,Zákia,1467.7675,0.73388375,0.4343227602939405,3,407
1164,2307,Farmadepot,Sucursal Samahua,1454.0,0.7270000000000001,0.43352554174580427,3,408
1159,2568,Diefsa Distribuidora,Farmacia Providencia,1450.5568,0.7252784,0.433324981977919,3,409
1275,2488,Aurosant Productos Farmaceutico,FARMA MAS,1450.4983,0.7252491499999999,0.43332157035983926,3,410
1164,2269,Farmadepot,ROMA SUR,1437.5,0.71875,0.43256010462988764,3,411
1309,2089,Medicinas Rosario,F. San José Hospital,1423.8799999999999,0.7119399999999999,0.43175480579949016,3,412
1160,2135,Luman Farmaceuticos,FNSJ del Carmen 1,1420.3454,0.7101727,0.43154456109970707,3,413
1150,2425,Grupo Privarez,Farmacia MX Tolimán,1414.8652015999999,0.7074326008,0.43121755328749234,3,414
1275,1445,Aurosant Productos Farmaceutico,Farmacia Amiga suc. auditorio,1401.67,0.700835,0.43042496693652293,3,415
1150,1101,Grupo Privarez,Universidad,1395.97872288,0.6979893614400001,0.4300808107634351,3,416
1159,2445,Diefsa Distribuidora,Altius Las Americas,1381.7688,0.6908844000000001,0.4292153712822997,3,417
1156,2499,Almacen de Drogas,DR SANO MATRIZ,1375.87,0.687935,0.42885349812343876,3,418
1309,1422,Medicinas Rosario,Centro Sur,1374.98,0.6874899999999999,0.42879876490578434,3,419
1309,1320,Medicinas Rosario,Libertad 15,1368.84,0.6844199999999999,0.42842020054223323,3,420
1275,2666,Aurosant Productos Farmaceutico,BODEGON FARMACEÚTICO RAMÍREZ MENDEZ,1361.64,0.6808200000000001,0.4279741154970338,3,421
1309,2658,Medicinas Rosario,FARMACIA CRISPINS,1355.81,0.677905,0.4276111813972211,3,422
1358,1098,Dilopsan,Tezal,1352.39910419,0.6761995520949999,0.42739812016802353,3,423
1309,1445,Medicinas Rosario,Farmacia Amiga suc. auditorio,1341.11,0.670555,0.4266891009404103,3,424
1159,2630,Diefsa Distribuidora,Farmacia Guerrero,1340.5308,0.6702654,0.4266525633797791,3,425
1358,2445,Dilopsan,Altius Las Americas,1336.05464337,0.668027321685,0.4263696620825166,3,426
1150,1501,Grupo Privarez,Farmacia Medioax,1332.0974688000001,0.6660487344000001,0.4261187721322298,3,427
1164,2664,Farmadepot,Cosmo farmacias 9,1330.5,0.6652500000000001,0.4260172796464832,3,428
1309,1098,Medicinas Rosario,Tezal,1305.96,0.65298,0.4244426936478106,3,429
1358,2568,Dilopsan,Farmacia Providencia,1255.29260135,0.627646300675,0.42109601609346814,3,430
1309,2240,Medicinas Rosario,Chumayel,1252.49,0.6262449999999999,0.42090698276802724,3,431
1164,2445,Farmadepot,Altius Las Americas,1250.1,0.62505,0.4207454451610259,3,432
1275,1422,Aurosant Productos Farmaceutico,Centro Sur,1238.5995,0.61929975,0.41996380153202956,3,433
1150,1097,Grupo Privarez,Club Campestre,1218.00021968,0.6090001098400001,0.41854546222552064,3,434
1161,1601,Jeshua Medic,Farmacia Nueva San Juan,1190.2853,0.59514265,0.41659892398750864,3,435
1164,2667,Farmadepot,BODEGÓN FARMACEUTICO OBREGÓN,1190.0,0.595,0.41657865171349945,3,436
1159,2363,Diefsa Distribuidora,Farmacia Genesis CDMX,1174.036,0.587018,0.4154365128404942,3,437
1150,1682,Grupo Privarez,Tecnológico,1172.64193536,0.58632096768,0.415336039984647,3,438
1309,2505,Medicinas Rosario,Zumpango,1158.46,0.57923,0.41430709083449324,3,439
1358,2307,Dilopsan,Sucursal Samahua,1137.29039554,0.56864519777,0.4127475267554083,3,440
1159,1445,Diefsa Distribuidora,Farmacia Amiga suc. auditorio,1134.2944,0.5671472,0.4125244741475273,3,441
1309,721,Medicinas Rosario,Oriente 229,1114.4,0.5572,0.41102824272044247,3,442
1309,2241,Medicinas Rosario,MAYAPAN,1110.47,0.555235,0.4107295207420735,3,443
1164,2661,Farmadepot,Metepec 1,1099.0,0.5495,0.40985160551817923,3,444
1275,2602,Aurosant Productos Farmaceutico,Cedis,1086.64,0.5433200000000001,0.4088952722133439,3,445
1309,2154,Medicinas Rosario,CASTORENA,1047.96,0.52398,0.40583074712590445,3,446
1309,2515,Medicinas Rosario,Coacalco,1041.39,0.520695,0.40529902606334817,3,447
1150,2404,Grupo Privarez,Lombardo,1037.73434784,0.51886717392,0.40500171639578625,3,448
1150,1741,Grupo Privarez,Sucursal Centro,1035.2937019199999,0.51764685096,0.4048026391922263,3,449
1275,2338,Aurosant Productos Farmaceutico,SODHI FARMACIAS MATRIZ SAHUATOBA,1022.2695,0.51113475,0.40373230558931866,3,450
1309,1328,Medicinas Rosario,Leon de Juda,1017.88,0.50894,0.40336850618713466,3,451
1358,1577,Dilopsan,Farmacia San Antonio,1005.0342994800001,0.5025171497400001,0.4022947958458615,3,452
1150,2568,Grupo Privarez,Farmacia Providencia,1000.1224614399999,0.50006123072,0.401880615014545,3,453
1164,1794,Farmadepot,Protec,996.1,0.49805,0.40153991426397356,3,454
1309,2664,Medicinas Rosario,Cosmo farmacias 9,984.35,0.49217500000000003,0.40053677392207715,3,455
1164,1328,Farmadepot,Leon de Juda,975.4,0.48769999999999997,0.399764629107053,3,456
1150,1590,Grupo Privarez,Farma Plus  Fresno,951.99269608,0.47599634803999996,0.39771128853317256,3,457
1159,2405,Diefsa Distribuidora,Nigromante,947.8476,0.47392380000000006,0.3973424267271771,3,458
1309,1682,Medicinas Rosario,Tecnológico,947.29,0.473645,0.39729268449611876,3,459
1159,2074,Diefsa Distribuidora,F. NUEVA SAN JUAN TULTEPEC 1,920.9008,0.46045040000000004,0.39490452242149493,3,460
1275,2667,Aurosant Productos Farmaceutico,BODEGÓN FARMACEUTICO OBREGÓN,920.89,0.460445,0.39490353113270793,3,461
1150,1681,Grupo Privarez,Arboledas,917.8243526399999,0.4589121763199999,0.3946216775925613,3,462
1358,1681,Dilopsan,Arboledas,916.1400379700001,0.45807001898500005,0.39446642274288424,3,463
1358,2661,Dilopsan,Metepec 1,912.4490306,0.4562245153,0.3941251989365985,3,464
1150,1588,Grupo Privarez,Farma Plus Fontanas,910.44326224,0.45522163112,0.393939192949959,3,465
1309,1101,Medicinas Rosario,Universidad,907.28,0.45364,0.39364501362652876,3,466
1161,2135,Jeshua Medic,FNSJ del Carmen 1,904.8039,0.45240195,0.3934140245428055,3,467
1164,1325,Farmadepot,Juquilita,901.8,0.45089999999999997,0.39313295011642474,3,468
1358,1682,Dilopsan,Tecnológico,882.1307559700001,0.44106537798500006,0.3912690895952338,3,469
1159,1278,Diefsa Distribuidora,Farmacia Mazal Tlalpan,879.0016,0.4395008,0.3909687522725934,3,470
1358,1491,Dilopsan,Farmacia Los Precios Bajos,876.1891343499999,0.438094567175,0.3906978993144367,3,471
1358,1422,Dilopsan,Centro Sur,849.69190258,0.42484595129,0.38810266156188145,3,472
1309,724,Medicinas Rosario,Ramos Millán,849.65,0.424825,0.3880984938484568,3,473
1358,2664,Dilopsan,Cosmo farmacias 9,845.0506358599999,0.42252531793,0.38763978098193475,3,474
1309,2339,Medicinas Rosario,SODHI FARMACIAS PRIMO DE VERDAD,841.81,0.420905,0.3873150812973465,3,475
1156,2349,Almacen de Drogas,FARMACIA MEDICA,829.14,0.41457,0.3860335123773235,3,476
1164,2499,Farmadepot,DR SANO MATRIZ,825.0,0.41250000000000003,0.3856105137455155,3,477
1309,2485,Medicinas Rosario,Via Morelos,815.9799999999999,0.4079899999999999,0.384681527715109,3,478
1156,2119,Almacen de Drogas,Farmacia Nueva San Juan Ensueños,804.06,0.40202999999999994,0.38343802640324637,3,479
1164,2067,Farmadepot,Virtual no ejecutar pedidos,800.0,0.4,0.3830102827026025,3,480
1275,2445,Aurosant Productos Farmaceutico,Altius Las Americas,798.92,0.39946,0.38289613402393813,3,481
1164,1278,Farmadepot,Farmacia Mazal Tlalpan,797.1,0.39855000000000007,0.38270342365663707,3,482
1358,1599,Dilopsan,ROMA NORTE,788.4151786,0.3942075893,0.3817777467073851,3,483
1309,2147,Medicinas Rosario,FARMACIA COYOACÁN,777.99,0.38899500000000004,0.38065304571012587,3,484
1275,2616,Aurosant Productos Farmaceutico,El Triunfo,777.84,0.38892000000000004,0.380636753766196,3,485
1358,1099,Dilopsan,Altamirano,776.66197085,0.388330985425,0.38050869548183264,3,486
1309,2660,Medicinas Rosario,Farmacia Guerrero Matriz,772.26,0.38613000000000003,0.3800284562825082,3,487
1150,2090,Grupo Privarez,F. San José Matriz,753.13031336,0.37656515667999996,0.3779092604748201,3,488
1303,2445,Distribuidora Gendifar,Altius Las Americas,752.27,0.37613500000000005,0.3778126973761609,3,489
1309,2568,Medicinas Rosario,Farmacia Providencia,741.98,0.37099000000000004,0.37664911581050686,3,490
1309,2297,Medicinas Rosario,TERMINAL,741.6899999999999,0.370845,0.3766160902411639,3,491
1164,2074,Farmadepot,F. NUEVA SAN JUAN TULTEPEC 1,731.0,0.3655,0.3753896260488173,3,492
1358,2269,Dilopsan,ROMA SUR,728.70888323,0.364354441615,0.37512443932041023,3,493
1156,2638,Almacen de Drogas,Frid Pharma Tlalpan,728.3100000000001,0.364155,0.3750781853652768,3,494
1358,1680,Dilopsan,Boulevard,669.41269979,0.334706349895,0.36795543089883476,2,495
1150,1311,Grupo Privarez,Verdux Ciudad Lago,662.70021536,0.33135010768,0.3671042875723602,2,496
1160,2563,Luman Farmaceuticos,NICOLAS ROMERO,662.0849,0.33104245,0.36702583594658733,2,497
1150,2237,Grupo Privarez,MERCADO,661.97939248,0.33098969624,0.3670123766231106,2,498
1150,1680,Grupo Privarez,Boulevard,659.0333512,0.3295166756,0.36663569155632414,2,499
1159,2119,Diefsa Distribuidora,Farmacia Nueva San Juan Ensueños,652.8132,0.32640660000000005,0.36583482926524974,2,500
1358,2295,Dilopsan,TINGUINDIN,652.36804787,0.32618402393500007,0.3657772232796336,2,501
1150,1102,Grupo Privarez,Zákia,645.7925523199999,0.32289627616,0.364921710415794,2,502
1157,1501,Pixan Salud,Farmacia Medioax,636.0,0.318,0.363631405633588,2,503
1150,2340,Grupo Privarez,Sucursal 2,634.87449376,0.31743724687999997,0.36348183735241324,2,504
1309,2506,Medicinas Rosario,Tecamac Presidencia,632.73,0.316365,0.3631961229982034,2,505
1164,2519,Farmadepot,Farmacia Los Ángeles,630.0,0.315,0.362831000849496,2,506
1309,2602,Medicinas Rosario,Cedis,630.0,0.315,0.362831000849496,2,507
1156,2406,Almacen de Drogas,Rio Manzo,625.01,0.312505,0.3621595216635042,2,508
1150,2658,Grupo Privarez,FARMACIA CRISPINS,611.88290176,0.30594145087999997,0.36036722642217084,2,509
1309,2305,Medicinas Rosario,Sucursal Centro,605.71,0.30285500000000004,0.35951112449139777,2,510
1150,2567,Grupo Privarez,Farmacias Guadalupana Valle,581.0942524000001,0.29054712620000006,0.35600850113178867,2,511
1156,2338,Almacen de Drogas,SODHI FARMACIAS MATRIZ SAHUATOBA,576.62,0.28831,0.3553559985644717,2,512
1309,1599,Medicinas Rosario,ROMA NORTE,575.14,0.28757,0.35513905178466626,2,513
1164,1100,Farmadepot,Mi Plaza,572.3,0.28615,0.35472118598898233,2,514
1358,1790,Dilopsan,Farmacia Canaria,569.0953206199999,0.28454766031,0.35424717410518336,2,515
1358,2067,Dilopsan,Virtual no ejecutar pedidos,563.5538082,0.28177690410000006,0.3534212041622908,2,516
1309,1790,Medicinas Rosario,Farmacia Canaria,562.98,0.28149,0.35333521531078604,2,517
1156,2381,Almacen de Drogas,Farmacia Marin,561.24,0.28062000000000004,0.3530739301691876,2,518
1309,1278,Medicinas Rosario,Farmacia Mazal Tlalpan,560.66,0.28032999999999997,0.3529866557176942,2,519
1309,1681,Medicinas Rosario,Arboledas,551.77,0.275885,0.35163757368751103,2,520
1358,2678,Dilopsan,F. El número uno ventura Puente,546.81924091,0.273409620455,0.3508768623708244,2,521
1164,2406,Farmadepot,Rio Manzo,546.6,0.27330000000000004,0.3508430163243365,2,522
1309,2269,Medicinas Rosario,ROMA SUR,528.27,0.264135,0.34796433191113424,2,523
1358,2405,Dilopsan,Nigromante,517.37120379,0.258685601895,0.34620514419027965,2,524
1309,1680,Medicinas Rosario,Boulevard,513.63,0.256815,0.3455927496397857,2,525
1358,1478,Dilopsan,Farmacia Libano Qro,513.00001078,0.25650000539,0.34548919029287645,2,526
1275,1278,Aurosant Productos Farmaceutico,Farmacia Mazal Tlalpan,511.9,0.25595,0.345308063436297,2,527
1309,1099,Medicinas Rosario,Altamirano,511.82000000000005,0.25591,0.3452948755833809,2,528
1309,2432,Medicinas Rosario,MATRIZ,503.76,0.25188,0.34395556378050113,2,529
1309,2661,Medicinas Rosario,Metepec 1,472.74,0.23637,0.3385939186278943,2,530
1309,2067,Medicinas Rosario,Virtual no ejecutar pedidos,467.64,0.23381999999999997,0.3376789914422156,2,531
1150,2584,Grupo Privarez,MM Pharma,442.2629064,0.22113145320000002,0.3329734197262447,2,532
1309,2407,Medicinas Rosario,Abasolo,434.95,0.217475,0.3315674432622266,2,533
1164,2666,Farmadepot,BODEGON FARMACEÚTICO RAMÍREZ MENDEZ,432.0,0.21600000000000003,0.33099360517727244,2,534
1309,2405,Medicinas Rosario,Nigromante,416.82,0.20841,0.3279776895860596,2,535
1358,1446,Dilopsan,Fisher,412.57260157999997,0.20628630079,0.3271142418883091,2,536
1159,1325,Diefsa Distribuidora,Juquilita,400.374,0.20018700000000003,0.32458431732316617,2,537
1150,2403,Grupo Privarez,Sucursal 3,398.28511679999997,0.1991425584,0.32414341446941297,2,538
1275,2405,Aurosant Productos Farmaceutico,Nigromante,395.42,0.19771000000000002,0.32353491425428427,2,539
1275,2339,Aurosant Productos Farmaceutico,SODHI FARMACIAS PRIMO DE VERDAD,392.49,0.196245,0.3229080800446996,2,540
1309,1577,Medicinas Rosario,Farmacia San Antonio,390.65999999999997,0.19532999999999998,0.32251420969597877,2,541
1150,1748,Grupo Privarez,Sucursal Mercado 01,386.98976032,0.19349488016000002,0.32171870209418635,2,542
1150,2488,Grupo Privarez,FARMA MAS,374.51534784,0.18725767392000003,0.3189576832610585,2,543
1150,2074,Grupo Privarez,F. NUEVA SAN JUAN TULTEPEC 1,361.14485279999997,0.18057242639999999,0.3158948633505515,2,544
1150,2409,Grupo Privarez,Isla,354.01156399999996,0.177005782,0.31421435913572643,2,545
1164,2339,Farmadepot,SODHI FARMACIAS PRIMO DE VERDAD,352.1,0.17605,0.31375829888457246,2,546
1164,2119,Farmadepot,Farmacia Nueva San Juan Ensueños,344.0,0.172,0.31179808601717346,2,547
1164,2665,Farmadepot,Bodegon Farmaceutico cortéz,341.0,0.1705,0.3110604133489882,2,548
1150,1589,Grupo Privarez,Farma Plus Avandaro,337.88207792000003,0.16894103896,0.3102868756652134,2,549
1164,2338,Farmadepot,SODHI FARMACIAS MATRIZ SAHUATOBA,337.1,0.16855,0.31009173363405507,2,550
1150,1794,Grupo Privarez,Protec,322.00778751999997,0.16100389376,0.3062351504419283,2,551
1150,2506,Grupo Privarez,Tecamac Presidencia,316.08133248,0.15804066624000002,0.3046713874477671,2,552
1309,1446,Medicinas Rosario,Fisher,306.17,0.153085,0.3019898827550376,2,553
1159,2519,Diefsa Distribuidora,Farmacia Los Ángeles,305.544,0.152772,0.30181763468306605,2,554
1164,2616,Farmadepot,El Triunfo,303.6,0.15180000000000002,0.30128048645401834,2,555
1156,2678,Almacen de Drogas,F. El número uno ventura Puente,293.8,0.1469,0.29851952710745466,2,556
1150,2616,Grupo Privarez,El Triunfo,292.77139536,0.14638569768,0.2982244500625154,2,557
1150,2563,Grupo Privarez,NICOLAS ROMERO,290.48282768,0.14524141384,0.29756421478520817,2,558
1275,1794,Aurosant Productos Farmaceutico,Protec,285.5176,0.14275880000000002,0.29611383953966736,2,559
1150,1749,Grupo Privarez,Sucursal Periferico,282.17168192,0.14108584096000001,0.2951222792456257,2,560
1275,2630,Aurosant Productos Farmaceutico,Farmacia Guerrero,273.84,0.13692,0.2926015479329944,2,561
1150,1750,Grupo Privarez,Sucursal mercado 02,272.43197992,0.13621598996,0.2921680457263728,2,562
1309,1794,Medicinas Rosario,Protec,270.58,0.13529,0.2915944577878863,2,563
1150,1098,Grupo Privarez,Tezal,268.03480048000006,0.13401740024000003,0.2907997777616088,2,564
1156,1328,Almacen de Drogas,Leon de Juda,267.5,0.13375,0.2906318465646571,2,565
1275,1599,Aurosant Productos Farmaceutico,ROMA NORTE,257.59999999999997,0.1288,0.2874614978176928,2,566
1150,1099,Grupo Privarez,Altamirano,257.47045872,0.12873522936,0.2874192172514334,2,567
1309,2307,Medicinas Rosario,Sucursal Samahua,242.51,0.12125499999999999,0.2823886409590218,2,568
1159,2406,Diefsa Distribuidora,Rio Manzo,240.1664,0.12008320000000001,0.28157280005725244,2,569
1358,2499,Dilopsan,DR SANO MATRIZ,239.92548177999998,0.11996274089,0.2814884858429696,2,570
1150,2390,Grupo Privarez,F. Matriz,229.45608816,0.11472804408000001,0.27774100068828994,2,571
1150,1422,Grupo Privarez,Centro Sur,225.88354848,0.11294177424000001,0.2764233180888255,2,572
1150,1610,Grupo Privarez,CEDIS Monterrey Vitau,224.89314144,0.11244657071999999,0.2760543616242308,2,573
1309,2584,Medicinas Rosario,MM Pharma,212.98999999999998,0.106495,0.271489599470839,2,574
1309,1478,Medicinas Rosario,Farmacia Libano Qro,209.49,0.104745,0.27009920497383616,2,575
1358,2602,Dilopsan,Cedis,199.65449080000002,0.09982724540000001,0.2660652052558288,2,576
1275,2269,Aurosant Productos Farmaceutico,ROMA SUR,198.88,0.09943999999999999,0.2657392390211211,2,577
1159,2616,Diefsa Distribuidora,El Triunfo,195.45999999999998,0.09773,0.2642846450822055,2,578
1159,2339,Diefsa Distribuidora,SODHI FARMACIAS PRIMO DE VERDAD,193.3836,0.09669180000000001,0.2633891683670066,2,579
1150,2664,Grupo Privarez,Cosmo farmacias 9,192.8560916,0.0964280458,0.2631601569575508,2,580
1150,1446,Grupo Privarez,Fisher,187.01007216,0.09350503608,0.2605798408299244,2,581
1150,2360,Grupo Privarez,Casa Aleman,180.41914912,0.09020957455999999,0.2575732475861563,2,582
1275,2568,Aurosant Productos Farmaceutico,Farmacia Providencia,173.94,0.08696999999999999,0.25450983337632543,2,583
1358,2667,Dilopsan,BODEGÓN FARMACEUTICO OBREGÓN,171.21672941,0.085608364705,0.25318842181851275,2,584
1156,2452,Almacen de Drogas,F. Guadalupe Jalisco,168.0,0.084,0.2516005416926616,2,585
1275,1328,Aurosant Productos Farmaceutico,Leon de Juda,164.18,0.08209,0.249675371637559,2,586
1150,1224,Grupo Privarez,Farmacia de la Caridad,161.0000968,0.0805000484,0.24803873316526115,2,587
1309,2406,Medicinas Rosario,Rio Manzo,160.32,0.08016,0.24768455695517255,2,588
1164,2349,Farmadepot,FARMACIA MEDICA,159.60000000000002,0.07980000000000001,0.24730797945938401,2,589
1150,2432,Grupo Privarez,MATRIZ,156.72012352,0.07836006176,0.24578476780197078,2,590
1159,2499,Diefsa Distribuidora,DR SANO MATRIZ,148.016,0.07400799999999999,0.24100714765888787,2,591
1150,2678,Grupo Privarez,F. El número uno ventura Puente,144.36361663999998,0.07218180831999998,0.2389192513582645,2,592
1358,2666,Dilopsan,BODEGON FARMACEÚTICO RAMÍREZ MENDEZ,144.18935295,0.07209467647500001,0.2388183350483959,2,593
1309,2678,Medicinas Rosario,F. El número uno ventura Puente,134.44,0.06722,0.23297191801100278,2,594
1150,2445,Grupo Privarez,Altius Las Americas,132.4079888,0.0662039944,0.23170085363805612,2,595
1150,2135,Grupo Privarez,FNSJ del Carmen 1,128.811868,0.064405934,0.22940357450555696,2,596
1159,2678,Diefsa Distribuidora,F. El número uno ventura Puente,124.3984,0.0621992,0.22649625190742426,2,597
1156,2616,Almacen de Drogas,El Triunfo,123.47999999999999,0.061739999999999996,0.22587851750422408,2,598
1160,2445,Luman Farmaceuticos,Altius Las Americas,119.7776,0.0598888,0.22334149064667225,2,599
1159,1794,Diefsa Distribuidora,Protec,113.1928,0.056596400000000005,0.21863259334755136,2,600
1150,2407,Grupo Privarez,Abasolo,105.92639104,0.05296319552,0.21311314798688877,2,601
1164,725,Farmadepot,Sur 4,101.0,0.050499999999999996,0.20915551184871595,2,602
1358,2406,Dilopsan,Rio Manzo,95.33601963000001,0.047668009815,0.20436438831585169,2,603
1358,1100,Dilopsan,Mi Plaza,94.94591316,0.04747295658,0.20402420717230313,2,604
1161,1422,Jeshua Medic,Centro Sur,90.7662,0.0453831,0.20029101268092458,2,605
1150,2665,Grupo Privarez,Bodegon Farmaceutico cortéz,86.08967312,0.04304483656000001,0.19590927317998919,2,606
1150,1601,Grupo Privarez,Farmacia Nueva San Juan,85.5994656,0.042799732800000004,0.19543656284485236,2,607
1164,2638,Farmadepot,Frid Pharma Tlalpan,84.0,0.042,0.1938755814573322,2,608
1309,2295,Medicinas Rosario,TINGUINDIN,81.30000000000001,0.040650000000000006,0.191173474443999,2,609
1150,2406,Grupo Privarez,Rio Manzo,79.44479328,0.03972239664,0.18926556444012668,2,610
1309,1100,Medicinas Rosario,Mi Plaza,70.13,0.035065,0.1789772173052808,2,611
1161,2661,Jeshua Medic,Metepec 1,65.4936,0.0327468,0.17334939100814167,2,612
1309,2274,Medicinas Rosario,Sucursal U2,63.75,0.031875,0.1711322964875908,2,613
1150,2363,Grupo Privarez,Farmacia Genesis CDMX,63.17382048,0.03158691024,0.17038670512802537,2,614
1358,2628,Dilopsan,Matriz,57.27563198,0.028637815990000003,0.1623512577215855,2,615
1275,2678,Aurosant Productos Farmaceutico,F. El número uno ventura Puente,57.239999999999995,0.028619999999999996,0.162300321907996,2,616
1159,1328,Diefsa Distribuidora,Leon de Juda,55.67999999999999,0.02784,0.16003973878969457,2,617
1358,2274,Dilopsan,Sucursal U2,50.69383564,0.025346917820000005,0.15238103861143043,2,618
1150,2515,Grupo Privarez,Coacalco,48.482782719999996,0.02424139136,0.1487498964079374,2,619
1150,2505,Grupo Privarez,Zumpango,47.78713968,0.02389356984,0.14757450733602295,2,620
1358,2677,Dilopsan,Farmacia las fuentes,43.671919179999996,0.02183595959,0.1402664131985272,2,621
1358,2305,Dilopsan,Sucursal Centro,42.66164345,0.021330821725,0.13837159387726405,2,622
1150,1599,Grupo Privarez,ROMA NORTE,42.11588032,0.02105794016,0.1373300788229006,2,623
1150,2484,Grupo Privarez,FARMACIAS DE JESÚS QRO,41.101892160000006,0.02055094608,0.13536035028878124,2,624
1358,2665,Dilopsan,Bodegon Farmaceutico cortéz,30.77840021,0.015389200105,0.11216730317782427,1,625
1150,2119,Grupo Privarez,Farmacia Nueva San Juan Ensueños,30.7283976,0.0153641988,0.11203798329475713,1,626
1150,2625,Grupo Privarez,GLYEMA RENAL,30.490388160000002,0.015245194080000002,0.11141970739687462,1,627
1309,2445,Medicinas Rosario,Altius Las Americas,24.8,0.0124,0.09510965632116103,1,628
1358,2625,Dilopsan,GLYEMA RENAL,22.54615342,0.011273076710000001,0.08766825863621136,1,629
1150,1278,Grupo Privarez,Farmacia Mazal Tlalpan,10.16346272,0.00508173136,0.028192584607915728,1,630
1150,2405,Grupo Privarez,Nigromante,10.16346272,0.00508173136,0.028192584607915728,1,631
1275,2665,Aurosant Productos Farmaceutico,Bodegon Farmaceutico cortéz,6.72,0.0033599999999999997,0.0,1,632
